,comp1,comp2,label
0,-1.259468303384687,21.274883694384755,0
1,7.957613937196219,-20.76869749948556,1
2,6.991924072679829,-9.955988221628877,2
3,-15.906103823905472,3.3324646220930894,3
4,23.306866953637556,4.269060118224773,4
5,-14.087088502550662,7.9144483441480045,5
6,21.363408792961394,5.288340332310731,6
7,-2.9526078426020743,-21.071666372823362,7
8,-5.255142785478781,1.1833607375151642,8
9,-5.480198590276107,8.076322693600565,9
10,11.215079152007009,16.91986166727477,0
11,3.00918540478779,-11.994809482122955,1
12,-2.4141936852348427,-4.851663495887619,2
13,-23.25561957873587,-1.906754106123471,3
14,24.456732792463864,2.661290060861381,4
15,-1.4007235739510708,-15.861295388702462,5
16,17.16667637402363,-2.389205094162267,6
17,5.6160582649899125,-12.926354219168191,7
18,-2.845157126339558,-14.289637836462889,8
19,-13.771360855460545,8.8464067876239,9
20,6.435366808042505,19.477104868776077,0
21,0.02586847815448853,-10.337037527459499,1
22,-8.088838041212691,-8.811957434006546,2
23,-19.189783130919494,-4.51553642285137,3
24,17.53877038435979,4.627726288912668,4
25,6.111417052076257,-5.461901983985251,5
26,21.334216644480446,8.105428360450311,6
27,4.775847683393474,-5.181392474651842,7
28,0.4447304286382216,-7.381744146862997,8
29,-14.534226188302172,9.432622267663856,9
30,0.2409266577715917,26.593013653236742,0
31,-13.630449239074538,7.370623535080823,9
32,-5.020240475885118,-3.598293077937085,5
33,-6.030019868381348,-11.217759749203475,5
34,18.0065499543468,3.4746843854105367,6
35,-3.1855744432761157,-9.590169275449524,5
36,6.134360093381822,15.899977453461382,0
37,-13.375006880171023,9.993782342676074,9
38,-0.01803897329819855,-11.679003695546653,8
39,-20.743855558139277,12.822921755952054,9
40,-4.388884282600416,-10.773905018715412,8
41,25.045084104854105,0.7712300762268752,4
42,2.8245307968781166,-9.286922314014571,1
43,5.6638138079246705,-10.36867521993362,7
44,-3.5640985994893075,-18.920437225525973,7
45,-20.851995386355146,3.0781633013012453,3
46,3.009720863001841,-11.390421433208255,5
47,1.64400852066403,-10.738075626949838,1
48,5.0184790453902615,20.774684564675496,0
49,3.9385952329266134,20.88214236720017,0
50,0.9825043635611214,-6.804781253433677,2
51,6.26538600982476,-7.259270988312887,2
52,6.897604040501663,-13.321297977308669,7
53,1.6728793383928555,-9.991355719133635,8
54,10.710405778077973,-9.208364858639216,2
55,10.322779384841413,13.990155905375804,0
56,3.2539941121445253,-9.593459339320697,1
57,6.6599968003321495,-11.723522432373883,2
58,22.426660821281594,10.557021221185135,6
59,-19.406631090395745,-8.135231963777654,3
60,-23.56550495684467,3.6212559036676066,3
61,4.7700058609254965,-11.743513005566745,7
62,-23.892068062928008,0.592827544923466,3
63,-21.561377861914874,-8.819548669052514,3
64,28.18162464016687,7.426998513550069,4
65,21.3916473507225,11.176553334811848,6
66,21.36459957469112,8.28825065196591,6
67,14.768497878221751,17.14187668175814,6
68,19.446584886823967,-4.410855478394354,4
69,-7.711830714718512,-19.187838195567476,9
70,7.914311372852197,-10.85570688225642,1
71,-6.150653401931932,-5.705777098685103,5
72,6.308080108950468,20.102189328748853,0
73,-18.424397362643564,11.801829430328844,9
74,-1.2758152052593608,0.9670537133826593,5
75,2.9903650460553353,-9.24056946350265,2
76,2.7498088731603105,-11.291074898624743,8
77,6.56454739062026,-13.927234330247936,2
78,-3.4294585169296914,22.843585458010946,0
79,-1.26483899557538,23.8024584896728,0
80,0.19166220533056813,-15.574502530660848,1
81,1.3372853718467475,-19.623354332953824,7
82,21.696103696322258,7.17553009943853,6
83,-20.242242341006005,-5.35702553408505,3
84,-3.730311995084419,-2.3269324695518065,2
85,7.499054142389688,-20.864221792440674,1
86,6.524913023013371,-3.7144220152714382,7
87,18.20044449865805,-13.212954108349324,4
88,22.068796549072676,2.2351706105767817,6
89,-24.096079780095714,-1.8128510866984158,3
90,3.135182655057535,-14.100672221024826,1
91,-20.606030195359555,-14.85944993918817,3
92,-20.175482298554456,12.002428703310164,9
93,12.558693667987994,-20.237288681299173,1
94,-0.15721917157116663,-17.464982981862967,7
95,20.13907836944617,-4.6848056808173215,6
96,3.115040380166153,-10.382005627328784,8
97,22.568149446885716,0.6865816548964099,4
98,-24.68563393674557,-5.2155162633453855,3
99,19.922256174322776,-19.197568015281668,1
100,22.772326730672322,4.986718023362521,4
101,8.557607972125954,23.516913517970934,0
102,-0.013975008031542202,-3.9064431751546365,5
103,-14.336280514060661,-23.071798590072053,3
104,24.50237213573705,1.268468531764389,6
105,-16.437780882357796,11.554030257157107,9
106,18.068338122524267,-1.4116518572241528,6
107,-0.7919466029109038,-9.227776156227302,1
108,3.6819601765094503,-11.339713280651443,7
109,0.8559485603819903,-7.073052845952695,5
110,16.832210889807605,-1.3880837513751056,4
111,18.748063075767302,2.6905226269848845,4
112,2.3697456304537012,-17.657910012776984,7
113,-2.004217177263047,-10.532678626811679,2
114,3.6108423317925826,-11.306379452332322,8
115,2.8354127628367705,-7.487241516204535,2
116,-4.984616861520458,-4.535662853519857,2
117,-3.186861756188562,-16.20147122525056,5
118,0.29033260821323553,-15.94615724905882,7
119,-11.92859627518944,11.51782148855142,9
120,-3.3199897588381497,-3.6741728429396967,5
121,16.710687622232104,-12.116906413336318,4
122,0.049902280439069926,-18.768920537017422,8
123,-3.6522180944696165,-14.980891654246035,8
124,24.507037007449004,1.2244819905165412,4
125,-16.191293649754865,-0.519785008754302,9
126,7.6530917752142,21.089389415348847,0
127,1.7710578750938277,-10.770880753151289,8
128,-15.354970860398995,13.881227163641615,9
129,4.319653825656068,-15.587817594586499,8
130,2.017143262574447,24.135919759273968,0
131,-3.9070415479673493,3.828910564286315,1
132,-8.442300032355734,-7.619614844128769,2
133,-19.63267808900089,-11.996241417273282,3
134,18.41761406834667,-14.954132948507404,4
135,-0.9930175486592818,-13.182853370428068,5
136,14.555747322879647,17.149468825798575,6
137,1.069637472303619,-17.97534837710348,7
138,1.2114557195627713,-5.260104369807458,8
139,-18.29792440105192,14.034170806055293,9
140,3.5609625497367876,21.52902386150648,0
141,2.801754922812808,-7.266306312308174,1
142,-10.02792029705397,-11.593354271395919,2
143,-26.954983016444483,0.8162812082978734,3
144,22.41645203990432,-10.872647208767331,4
145,-4.345161370253288,-17.564692986388902,5
146,18.00501933718736,10.40258399665298,6
147,4.874822676213831,-20.39925537390605,7
148,4.2090829598280655,-0.21655612386611706,8
149,-18.429516764083708,11.876406987276031,9
150,8.081885288910872,22.2766043268683,0
151,-2.2305194619025808,-2.515586609174693,1
152,-12.028991994032811,-14.18588709772497,2
153,-16.92859788545281,-8.002736675013825,3
154,19.64133734134906,-12.4154782422941,4
155,6.280503585791751,-2.2409577909607106,5
156,20.02451515322708,6.832914052078896,6
157,3.8598294180088693,-19.633990659299187,7
158,7.173255831170472,-12.268850324460084,8
159,-16.19865655483372,11.615047774264207,9
160,6.023720537403544,20.839452366434394,0
161,-12.96069570045178,8.282033275550148,9
162,1.5601508348915862,-15.375631270099392,5
163,5.047773014107218,-10.993865389464885,5
164,18.197388514163624,15.433833689549136,6
165,2.420298281591804,-10.29036153406237,5
166,4.28912934020556,22.57856091416803,0
167,-14.511937049657485,12.323864659647265,9
168,3.6541900991914242,-6.802635759122063,8
169,-16.935097576034757,12.657667543320617,9
170,4.045916078842534,-12.53854528286624,8
171,25.338746499090487,-12.589393475637218,4
172,-2.3137862647656315,-3.4118448021762977,1
173,0.12649169406164243,-20.00506651720331,7
174,-2.2288774151838484,-19.540606879361725,7
175,-21.54342039339772,-8.63160936890171,3
176,-2.480007938734773,-9.616131461761908,5
177,-1.9232304649493628,3.6490026861881573,1
178,2.8096698340496085,24.269613101316256,0
179,10.782123909718198,16.172699847679574,0
180,-9.578710868253289,-9.773439770213713,2
181,-9.727270823138634,-12.541273245816562,2
182,0.7731903755145682,-22.194301051798366,7
183,-5.092153744644032,-0.9686982965035584,8
184,0.23755685761181633,-4.679722542014108,2
185,10.660777292233936,21.459925793897956,0
186,2.0679622611956376,-7.392969376884021,1
187,-3.2404487998193052,-8.897501176978324,2
188,15.698003039831105,13.265300117835684,6
189,-26.06990323194548,3.5089136997307007,3
190,-19.143512234344346,-2.190159088971734,3
191,8.919396107796148,-21.080090229173116,7
192,-21.877092194561346,2.27744355051243,3
193,-23.029147800670625,-2.410264786555786,3
194,20.379796289941385,-10.44602377259761,4
195,23.703125825751027,5.4659143847713505,6
196,18.444517805010396,13.382770946213398,6
197,18.897533597818217,16.66120259431043,6
198,21.09601154528099,-12.78375590973785,4
199,-10.301244778673079,10.452401723752354,9
200,7.2077347881656735,-9.865109318771976,1
201,-0.14200285011900737,-12.376019317712455,5
202,5.710831645133054,24.425799875854455,0
203,-14.937834942493922,5.336424583127236,9
204,2.8972845133425595,-4.025533620113697,5
205,-8.98088731930709,-12.277022554760332,2
206,-0.08284087197313245,-14.783641252269417,8
207,-5.40158591906221,-12.561868491578045,2
208,14.796133742389339,16.284132433182684,0
209,11.314746250585959,20.6374687633984,0
210,1.4398201838392588,-5.461812414255824,1
211,1.1310823279384843,-23.61872214897483,7
212,17.32936869566047,15.881811601756096,6
213,-20.445707720020586,-6.704558497065167,3
214,-5.264095788880159,-9.300090969825337,2
215,1.0761661534825688,-10.677797610148232,1
216,5.716249741686307,-19.764620135648553,7
217,-18.304849561885156,-9.526070657101831,3
218,-1.6309823086815147,-0.23753397696657044,1
219,-19.842722344699897,-8.780032364943384,3
220,-14.048473711111422,5.21125574647961,9
221,7.5823895290936845,-10.893191084398541,1
222,-1.6468197289142383,-21.757257316412907,7
223,19.472357088695183,2.2586814013777907,6
224,1.7911009949898165,2.9653203335453644,8
225,26.25006200818816,-11.80675257989452,4
226,-17.852612765039034,-9.136753513995599,3
227,3.917392899728445,-11.008657845634959,1
228,24.84520117365611,-13.100008882992768,4
229,0.13817916438112302,25.08492933386567,0
230,-0.30279509703939084,-11.024136200779177,5
231,-13.524033077760972,-9.031734786338427,3
232,17.478342514207604,13.751654835127363,6
233,-13.941893669824605,9.5397568130774,9
234,9.930615598839276,21.577960453911782,6
235,9.530345195214526,-9.762779140895898,1
236,-0.2044733334202857,-20.879022013225637,7
237,7.695409726772254,-8.70525566564324,5
238,20.79719007289467,-12.870242431761612,4
239,22.257855899688114,-15.988398800094462,4
240,5.522117542565863,-20.46993988052955,7
241,1.4936742786803703,1.3954734359088163,2
242,5.424004370528401,-15.770555412970387,8
243,-1.320331279409496,-0.5308821823005457,2
244,-4.2740544271973695,-12.117796357985009,2
245,4.459899545173859,-11.033217125487576,5
246,3.171672874535428,-12.790385003233936,5
247,17.54657497259972,-8.221360776050515,4
248,1.3570440241687187,-7.545321530593866,8
249,-0.37036922527574623,-8.034037170605004,8
250,22.697758745278488,-13.280924808345782,4
251,-8.971381997748091,12.688568961165634,9
252,7.956975210879664,23.21066374730539,0
253,-1.7646006012301125,-2.8775002419309974,8
254,-4.061182279719576,8.399255383060776,9
255,5.27174024280775,-5.364029284948127,8
256,5.64839687696365,18.794947361826658,0
257,10.84806401001639,-21.259206806225432,1
258,-10.63323650687054,-4.294859851070437,2
259,-19.473195924431007,3.3440294972835956,3
260,20.917816137339145,-1.5932713570125223,4
261,-11.580749457233464,11.226691670983003,5
262,14.565761324935917,15.624679374486226,6
263,-5.703664405201105,-22.353110139661215,7
264,-6.672937319881319,1.7017191376138774,8
265,-7.9407888303059355,-8.732786378298675,9
266,3.1501527462600416,20.832732341856527,0
267,8.769028607250688,-18.584406657787238,1
268,-10.763187029123108,-6.614985044284486,2
269,-15.665607701801086,-1.2307305996694435,3
270,26.452919048867315,-3.9439798390380862,4
271,-6.211508641555219,-17.507829865830566,5
272,18.38203050610713,15.156444857609971,6
273,1.0691763598188397,-17.76930144624612,7
274,1.7501558978443188,-9.222304936223415,8
275,-4.307731325365355,-17.065973980614253,9
276,0.647393151824846,20.82333093109907,0
277,13.431462966591317,-18.01903297910409,1
278,-13.269733419851631,-5.2211472050904115,2
279,-22.503717426450272,0.8222601782326845,3
280,23.395294438666284,-1.0159225138193029,4
281,-8.892822675166967,1.5682830785121762,5
282,14.974750766159207,15.318927254837426,6
283,7.501964956813167,-14.39105863378022,7
284,7.05822937797877,-7.6708850818858645,8
285,-23.422106230118867,8.731559448798258,9
286,5.817957676673887,18.497678036451276,0
287,-17.348923126095933,10.6481263808982,9
288,-7.4993476759523245,5.151328298460185,5
289,-7.040393130700549,12.800602717285962,5
290,17.75939419325761,10.053908264925846,6
291,-8.546189524558748,14.437863338405206,5
292,-3.160573102511451,18.970419422635157,0
293,-15.14266092820802,6.686862716951323,9
294,-2.6511776864459224,-1.7740273200849312,8
295,-16.038919871822017,13.869959393591662,9
296,-1.087601704887838,-1.7525082481762204,8
297,27.56622919249502,4.130559401135242,4
298,14.17176700655339,-18.81106707971047,1
299,-4.225831502297031,-17.726468482594022,7
300,1.3544094323289966,-13.720557371066752,7
301,-20.54204564693343,0.042066499556546594,3
302,-7.079712273209645,1.421033862443921,5
303,9.718381030868908,-16.840646804822043,1
304,3.663120760616774,20.538019213269774,0
305,-0.6204125815216878,24.848237290147413,0
306,-12.366535873828349,-1.5272781344913724,2
307,-10.070190386072218,-5.362954602310419,2
308,-5.252834568551492,-19.55212106247795,7
309,-8.132996493053417,4.391087911470042,8
310,-13.282352336973391,-8.861149195007881,2
311,1.114430723221519,21.335656698872047,0
312,5.592877386046837,-11.560085753048531,1
313,-12.355043104401053,-3.604715245698335,2
314,5.49633987881939,13.618674238155364,6
315,-16.31610003914654,-3.365935193772217,3
316,-20.7492028026842,-1.9286091763347328,3
317,1.8903441392791942,-16.651459777578566,7
318,-25.423753368812445,0.5508591970093949,3
319,-20.43315557659483,-1.7086921160465725,3
320,28.889212169987054,2.742377506679541,4
321,14.124567964945369,16.926246463732756,6
322,14.665726265611136,14.973888489941409,6
323,19.179490452248658,11.189228762802626,6
324,25.971701932583088,2.5738480246617814,4
325,-3.2273059866807667,-11.34599773070901,9
326,11.391301515691154,-20.409970783058444,1
327,5.328830515064617,1.0857589080368952,5
328,1.9832104498972716,20.726375000772133,0
329,-6.918907628950631,-13.629195723976778,9
330,-5.502895143029625,2.772706748519493,5
331,-15.541713201014371,-7.82554125369514,2
332,-4.804953098056346,4.520716413734675,8
333,-15.043259656867981,-3.7417000194277366,2
334,3.4396930301180797,24.579951578358415,0
335,0.5224924153448732,17.995230190620333,0
336,8.279253547139668,-25.345028795502742,1
337,2.639290297316301,-14.252633191847632,7
338,20.556020769824865,5.268878024903723,6
339,-20.468074491551565,-0.5815502397550348,3
340,-16.021057939177652,-6.28600936146875,2
341,6.876249247482543,-20.617379644123652,1
342,0.9626851033369893,-14.203651497819097,7
343,26.413626540781536,-4.16494974547689,4
344,13.956909871792483,16.80782998238766,6
345,-25.222139364696016,-2.725435734768828,3
346,10.92702595420267,-23.10191360803268,1
347,-15.983312681914859,-2.731549627913745,3
348,-7.234810191496982,-6.07058962444744,9
349,10.129732766140327,-20.73681720697074,1
350,-1.9752103027944379,-17.410002110605213,7
351,17.34616816275944,11.244050251672375,6
352,1.9409786780330873,-4.446140467236265,8
353,30.39898066906224,7.809737788353116,4
354,-10.431785697847737,1.047117517895908,3
355,3.46750425064023,-25.255941721634255,1
356,20.693193786902977,-6.389242866855409,4
357,1.189408919782582,20.313449517394258,0
358,-10.211677884173973,11.643399119318465,5
359,-22.366276580062873,3.8723050577812024,3
360,17.11107830100469,17.60454798339852,6
361,-7.889899466662317,-13.308661748441441,9
362,14.958514250429563,15.66100946947868,6
363,15.206664275793894,-12.600830348579525,1
364,4.368953410090554,-17.017371651214937,7
365,-7.864689185166168,-1.2976717921536574,5
366,29.467783830327665,9.379364996438225,4
367,28.09618651864781,-0.7073516184271617,4
368,0.14636246936353997,-15.9974688527018,7
369,-13.71137756559168,-5.0578990542900675,2
370,-7.034026213390494,1.1465410703580605,8
371,-11.438992089537447,-6.757302162459264,2
372,-12.937684511138904,-11.098370026601456,2
373,-13.463381885485052,11.424533137222333,5
374,5.177522129037777,-11.913571124313272,7
375,0.8101151619098588,-0.9831385190334552,9
376,-2.191013075601986,-13.934995570420126,5
377,28.85277968298733,1.6754684221064455,4
378,-6.873205279284626,8.282638225085767,8
379,-4.929904904402409,1.727145093431741,8
380,26.837517071607166,-1.2303414915117679,4
381,2.2948880199642123,7.588403895391805,9
382,2.4781817731436924,24.06321229932655,0
383,3.419795576153021,-11.95762110867544,8
384,-0.09831367218245943,-8.264483158724925,9
385,-23.694151576256484,-1.8253643074022445,3
386,-5.279173468539491,25.002060279734177,0
387,-6.062875708153094,2.426771715890852,1
388,-7.643788263019716,-11.210669388417863,2
389,-21.291476289279526,1.7548674743762132,3
390,17.781203367062844,-3.7714786076840556,4
391,-10.188688767633428,-2.9349170799940043,5
392,20.823941470541662,10.946618193886462,6
393,2.5547382654386146,-8.562385220587798,7
394,0.13679600058547872,-1.0727083792181347,8
395,-19.39336376218115,9.699609183624387,9
396,-0.793877023355516,24.94567576775016,0
397,2.507377312836206,-10.45824125413293,1
398,-7.153665034149088,-1.892803644835666,2
399,-17.377011934516165,8.306798826389276,3
400,21.985852504483262,-9.723367559728395,4
401,-1.5234395036190618,-8.056539468026063,5
402,14.064812753888202,8.06907355915257,6
403,3.3755232938737225,-5.469841809557988,7
404,-3.764672414126443,-8.223709439573499,8
405,-13.670280551002158,11.02644131847742,9
406,4.5401710784377185,24.03579953066147,0
407,4.500379887913061,-8.464731848120707,1
408,-6.066590914378422,-5.919953885157555,2
409,-9.297900998486531,13.632880650537448,3
410,22.09985805109575,-8.115489699512304,4
411,-0.43224811910355454,-5.936110542620967,5
412,16.15583165889743,10.169817298297373,6
413,6.249952278262298,-4.7004275472028905,7
414,5.089400006774294,6.873424124999756,8
415,-14.629189625061153,11.35588299345875,9
416,7.5105407869817125,16.98985715047431,0
417,-10.65916250227873,10.801316683292905,9
418,-15.22285438525633,1.133816333459634,5
419,-3.454737204495439,0.5000147095620937,5
420,10.030238970171578,11.123881635875252,6
421,-12.27188849187276,5.254434911057539,5
422,-2.664022668323361,22.564552800073834,0
423,-13.239898173391852,10.225287976943266,9
424,-4.829477733061498,1.5331153513624325,8
425,-20.694897760604597,11.77169009442714,9
426,-5.494207668318045,-1.8603078242404807,8
427,19.184674802804803,-6.3669421050828765,4
428,-1.3050719751791255,-3.423281677692913,1
429,7.198322789615737,-1.9155194318913018,7
430,-4.3535788541897835,-16.59849738287165,7
431,-20.66573024787275,6.617105673115272,3
432,-1.5692214110575087,-4.431661108004143,5
433,1.5099977644605627,-7.786782170632152,1
434,2.8054538051924145,26.521491735750644,0
435,5.365417087219124,21.464745455574448,0
436,-10.397306953059147,-6.217340952263287,2
437,-11.645981960748099,-8.534246035586392,2
438,2.5306796794861564,-7.108176987606659,7
439,-7.01632077740901,2.6232245515564703,8
440,-12.461336105579521,-5.138007993438714,2
441,-5.404004642790234,26.155448210532725,0
442,-0.25197888366781035,-3.3564895426180623,1
443,-11.763069236997733,-1.971177920058278,2
444,11.158537141178549,7.333530258799174,6
445,-14.185288708389807,4.547357613390927,3
446,-11.389709616604314,9.7192450405357,3
447,6.17588527543248,-0.6414314363040073,7
448,-13.914956968806676,9.679996947463263,3
449,-12.832922152999688,9.177288210070643,3
450,22.578034922068795,-4.811063095626559,4
451,19.396273347452134,12.775866336894353,6
452,16.821678513186896,8.039886930890082,6
453,17.5952107786555,11.91418146480481,6
454,20.21632808695555,-6.141903234294885,4
455,-21.103556830274307,10.883840859388837,9
456,-0.4744115549058111,-8.074886248071119,1
457,-5.3273016758198235,6.144278515891714,5
458,2.171365700860551,18.847613707261775,0
459,-11.949690946648811,7.03738625750045,9
460,-5.785305629224347,0.2029462150110275,5
461,-5.58392392363506,-9.90093486804554,2
462,-6.838086279181505,-3.5238672596086134,8
463,-9.011755050204005,-8.393193355002959,2
464,-0.9043812995660759,23.848286793073488,0
465,0.08873847641236439,27.078309178921124,0
466,6.424807774062351,-12.737921948379258,1
467,8.836520905828765,0.6879776390550963,7
468,21.069031603565794,9.396820625616115,6
469,-13.562031696744022,8.265484764812152,3
470,-6.0308207686699475,-2.8786672845132912,2
471,12.662286410228294,-12.083169680219315,1
472,-5.281880301254657,-14.130114511135732,7
473,17.350019023744537,1.0558695682131451,4
474,13.585229979348629,10.931202819353356,6
475,-12.816985561770847,8.026911299210576,3
476,-0.3425636618497601,-10.613682718346782,1
477,-15.961301212333835,3.849045849018759,3
478,-11.805016143579312,8.904754817262166,9
479,1.4090849993842178,-11.217017402869162,1
480,-1.5471358595333677,-2.286942826877807,7
481,12.781673739327902,13.257776184063049,6
482,-2.2974652182128343,9.1646940967569,8
483,21.294843272662778,-4.46838725326909,4
484,-15.175838013322208,3.4352854259665735,3
485,1.3173427853538353,-5.846146490026071,1
486,20.78778396532074,-7.135618436837632,4
487,2.8633138493127674,22.43382132957878,0
488,-7.048852001695199,-3.1494880036481545,5
489,-12.04468554688564,6.382666173142204,3
490,20.863141150301722,11.227865456682347,6
491,-6.596956055886812,10.800513709455553,9
492,21.13584203137012,-3.913347898077811,6
493,2.271952812907664,-3.6367128309326664,1
494,4.825384043110654,-6.231759052967279,7
495,-5.026172443647361,-2.066628454690813,5
496,14.941164668349117,-3.369115577268572,4
497,21.57668124841547,-4.0909109994971296,4
498,2.8729512231585597,-2.3173502916473634,7
499,-6.508727733609659,-4.130006503531817,2
500,-1.4785871068094216,8.146611724236623,8
501,-11.14119588116069,-6.834040242148855,2
502,3.070546905487051,-9.821666226364266,2
503,0.49837241964468926,-9.889736377498984,5
504,-1.3899099176340408,-11.221809260715778,7
505,-11.077241515289929,13.289053101920947,9
506,8.45199172178149,-1.3860743398368964,5
507,20.315655914919695,-1.850763933231356,4
508,-2.529120301496694,-4.043928177363928,8
509,0.6017251587232987,-9.411150516371947,8
510,19.014326623364607,-9.495095793232323,4
511,-12.838810139779104,9.456281874296046,9
512,0.6090219379470558,22.32955923741341,0
513,-5.9253292204198305,8.74788245875329,8
514,-14.73476254230104,12.654187342685526,9
515,-7.940905344904227,-2.253707111749575,8
516,-3.522751932445157,24.005357643607663,0
517,-0.8775331214697027,-5.645510000653879,1
518,-3.118382779388045,-3.8172757796092904,2
519,-13.994170127732682,13.455814461313986,3
520,19.36766136620836,-6.429247804149452,4
521,-1.9581686355961199,6.2775766521048,5
522,13.997306076967595,12.264682816602978,6
523,-5.834972890151353,-18.471902024824548,7
524,3.552850171601235,-7.979543743613718,8
525,-7.951006067812994,9.951122945826953,9
526,0.12978653722429062,21.946625724405546,0
527,-0.21750401057932453,-4.000377927037402,1
528,-5.143624673701579,-7.464012000571598,2
529,-19.229029224119465,6.432031279862017,3
530,11.841131671763794,-7.642668773490809,4
531,-9.996503199024396,14.464174781422589,5
532,12.621629750336758,14.61415428486605,6
533,-7.220511249944147,-22.229511678880172,7
534,3.841509407258284,-2.8594931596870246,8
535,-8.672608638570132,14.061205690080332,9
536,-6.469142854781023,18.30378963540046,0
537,1.6177821049070278,-6.4450759421040935,1
538,-8.189206888057177,-3.003470457897221,2
539,-12.070660853564815,2.2800241185334658,3
540,22.31651169584572,-1.3325697736283497,4
541,-13.645549500785346,10.911886047989528,5
542,13.096387538931673,17.262088051277104,6
543,-2.4598962879150146,-16.00115098516244,7
544,-3.826823042608319,-2.179446552525617,8
545,-13.674443596086443,9.329874027606639,9
546,0.2075792643930779,22.184875777689722,0
547,-6.091102897626798,-4.818585344088488,9
548,-11.891835996268439,2.3213943645739192,5
549,-11.298544960223948,14.40736640902797,5
550,14.07750855261308,11.72728747139,6
551,-11.53066896991206,11.774177695554654,5
552,-6.239571608658054,23.16427453193296,0
553,-19.445881262179626,12.570323679868313,9
554,6.016911371981527,-1.624001301508427,8
555,-8.376869709038267,6.198550125498993,9
556,0.32652899944167857,-5.744998274280461,8
557,19.172635428376903,-2.8146077784837567,4
558,7.415176287117328,-3.6351303426857298,1
559,3.7739517666528615,-16.611093801448426,7
560,-4.313773652692948,-20.18623606548485,7
561,-17.905760050568105,5.678324102372261,3
562,-13.309555272431208,12.155659886531698,5
563,11.960660873820192,-2.816141365867882,1
564,-2.5093912854074873,24.687395941573424,0
565,-4.973201925291947,29.185907405070626,0
566,-10.328473966952433,-8.226020254619225,2
567,-4.988168776064754,-5.277127161065187,2
568,-5.744003388406861,-16.6385306029788,7
569,3.2178833836337133,0.23374408607351366,8
570,-12.705558840295955,-5.457956009287044,2
571,3.6521339221570956,21.209617963901028,0
572,9.680215784829771,-2.9283301498558036,1
573,-6.287017451760041,-5.7487706424907685,2
574,12.9614138751326,8.218193684957793,6
575,-15.099257950285171,7.956513467956321,3
576,-19.610649543217203,10.279029789465234,3
577,-1.3909072410400198,-19.313627653985904,7
578,-10.96208992707062,7.777281871053759,3
579,-11.77079950128373,6.7199345398004064,3
580,24.73858769340385,-2.535336215833061,4
581,12.772943175410013,15.168501947945472,6
582,18.359685102744052,12.398848081904516,6
583,12.480029323963207,16.084391986032372,6
584,14.666468491002925,-9.15909911318517,4
585,-13.998569973812002,13.979502908942575,9
586,12.102822548154842,-1.1026576341968433,1
587,-8.406587258953282,7.443491439670898,5
588,1.7171268883512185,18.904288560424586,0
589,-19.138393546164707,10.210065026667888,9
590,-7.9685228735732405,13.547147760936172,5
591,-10.52842316039965,-4.200106860809358,2
592,1.0524880671978083,-1.1785611464902992,8
593,-12.952612991512058,-2.863349433113136,2
594,-8.631905915959424,18.054750734375133,0
595,-1.7290488684314624,20.1681439521611,0
596,8.263319235567858,-5.304849739563019,1
597,-5.4826410198832445,-20.93111554802552,7
598,14.414352208725441,12.416708535952584,6
599,-14.22093545391973,5.802123673235789,3
600,-3.241130099531054,-0.14993780829104253,2
601,4.967375860678254,-4.730499149697869,1
602,-2.092490301315344,-20.90011228358752,7
603,16.851203787402387,-6.48390842675117,4
604,17.71234797122488,6.1099609994626425,6
605,-9.376838462432719,1.2170640908543182,3
606,8.945263950864039,-1.7597504043286274,1
607,-8.245633554713772,4.515105193541015,3
608,-10.220625249180463,14.702922117385407,9
609,0.4301560982181005,-9.296043649390896,1
610,2.6831594285403266,-19.362925133865375,7
611,16.35384048070556,14.40860053281513,6
612,2.3447415788423394,-6.219027092418099,8
613,18.551126307413156,-2.0420341475701576,4
614,-19.45802083174499,4.316003865158142,3
615,7.914203873495127,-11.539188632747496,1
616,19.82739834562463,-3.561093035903674,4
617,-8.718106120845231,19.22115187449442,0
618,-11.476502080495571,17.152988582200344,5
619,-16.961330348921095,6.479513180406159,3
620,17.49266597757919,12.60913890552629,6
621,-9.192672928964459,11.313119944943402,9
622,14.49601823764768,13.931486619511734,6
623,-0.20412032005740077,-6.257529550652525,1
624,-4.633899419952116,-20.408694113994144,7
625,-10.616558445173181,6.567638226058964,5
626,15.656792767387676,0.23670087787363528,4
627,24.39267273640576,-0.8281003493401682,4
628,-2.963500949519481,-17.46822460005402,7
629,-7.643402093920952,-8.760666853277476,2
630,6.5186315546375555,-2.3785387591033427,8
631,-18.968315806199076,-9.235876773283069,2
632,-7.412569381247057,-5.106361174941481,2
633,-1.8210148035026588,2.55487851562898,5
634,-6.376997231607181,-22.21708930058478,7
635,-20.81630364669893,12.347140271839084,9
636,-12.216997282058148,13.227067880541263,5
637,12.40986142728743,-6.248273745768164,4
638,2.098582216977171,-1.5506738642908966,8
639,3.650948349188861,-10.383485156317542,8
640,15.057616548507129,-4.331793456377743,4
641,-18.43869188365778,16.364801253800394,9
642,-2.9436986980355577,24.661556279955636,0
643,2.430208125987188,-6.7147449137746325,8
644,-13.786655487987817,11.448617424922979,9
645,5.715081516722363,-6.56091973474981,8
646,3.118598880224732,23.4156116256711,0
647,10.297998410332283,-26.08921760241595,1
648,-11.26782637748278,-5.606881451291293,2
649,-15.865648907893407,-1.4491047437220397,3
650,23.26416089854863,-10.444186260289369,4
651,4.449158101119329,1.6154037531273908,5
652,16.789291313580016,12.70791453808952,6
653,-1.5776092755578381,-17.667422657057074,7
654,-5.899134206860393,1.2193598313128218,8
655,2.367779401509327,2.542750745910215,9
656,-0.9071500034040078,11.523465746538951,0
657,13.701166272139517,-16.001377118462333,1
658,-10.574564661113259,-2.933524194433686,2
659,-18.63261758764917,7.77808762609197,3
660,27.161918224587843,-9.284113879293404,4
661,2.47600158674885,0.2616450760095827,5
662,19.30237444849401,13.877989698792152,6
663,2.129261430237475,-18.913569820337194,7
664,-1.259190300890306,3.812378128468577,8
665,7.594369230542472,1.637033151300603,9
666,7.547971266898501,21.1273080564592,0
667,18.14147422010172,-11.142489241109415,1
668,-14.466210310015862,-2.791415476114479,2
669,-14.602517066696358,-3.2545666790030627,3
670,17.06488114274031,-3.7114861092928724,4
671,0.7786580345146182,-2.684687001503907,5
672,17.318193302674626,13.77399925551821,6
673,4.019829417039829,-12.8676819283346,7
674,-3.2391505654897568,3.486247805374641,8
675,1.7399271561845446,7.267275437357447,9
676,4.9436544347506155,19.34567807130899,0
677,10.3174747468848,3.0589975783319745,9
678,18.234162333331838,3.158060808351506,5
679,6.3009624662653305,-13.62740073747622,5
680,20.269931753829624,18.192903830734064,6
681,8.413371199971989,-8.104701235954087,5
682,-0.056279722248402525,25.007104773125874,0
683,0.9894587871616848,-4.460123974629047,9
684,-3.6254585433329187,-2.5337771539903233,8
685,8.475724187695537,1.2878970888058654,9
686,-3.684885151896724,0.1003605141388763,8
687,18.360723238230822,-10.618786925656643,4
688,10.249281920671782,-22.210394612571413,1
689,14.607361070723057,-7.226104860619716,7
690,7.976819541088511,-8.368961208412099,7
691,-11.733696103038524,6.719624766886559,3
692,4.421187705060846,-9.677899402931015,5
693,10.372962122221692,-19.541108177039135,1
694,7.694313975399065,22.411856178283276,0
695,-0.039373358485735005,13.201564201125615,0
696,-15.087754921882404,-5.898983863161239,2
697,-10.968481208274362,-8.198726727017661,2
698,4.126526178691699,-16.212838805230255,7
699,-0.5287954588794517,-6.227601156406392,8
700,-10.099994084987582,-8.453604873929082,2
701,14.567048576467878,9.41031487779688,0
702,0.566664615469584,-24.205695178940964,1
703,-9.73388639059979,-3.0912388443515266,2
704,11.855736866010927,18.11521112290593,6
705,-24.383947401334815,6.563434477022524,3
706,-21.915910680545057,-0.09510599981045229,3
707,0.5618578795641056,-17.039992420659573,7
708,-24.338566323022903,6.375571682636256,3
709,-23.37771386175904,-4.103282057833424,3
710,15.726875242001725,-5.908780771530722,4
711,15.433597477958129,14.769046387060822,6
712,17.53595410940941,8.709107450281225,6
713,15.198616918673887,15.790981715453285,6
714,22.35939461587429,-6.69538766744127,4
715,5.303632157855589,-0.30180222417868574,9
716,15.147853724783234,-14.172037984834642,1
717,9.724213572766269,6.00099918352471,5
718,8.41276520626791,20.04903983830499,0
719,5.218802875090011,-3.090910729926422,9
720,11.512810858246898,1.8433278080880822,5
721,-13.594587930062275,-9.86108693077777,2
722,-3.3919628398914132,1.7823319779378524,8
723,-6.125005513919957,-5.6038572104885835,2
724,5.753321508485968,17.811096551859485,0
725,3.877645727678041,23.166916320761235,0
726,0.6597214119774092,-26.31028530585966,1
727,3.7826676866888596,-13.539422738403657,7
728,17.94594675809906,15.647926287638315,6
729,-20.919594816053923,2.180639475502355,3
730,-9.760406138730323,1.3671308294449873,2
731,8.04247309501226,-14.935645759098845,1
732,9.777768051041233,-9.908230110829164,7
733,25.1873065765739,-6.74886155198329,4
734,19.937140322825805,8.786831876087534,6
735,-21.279997474577016,4.757890334353635,3
736,9.890192694275003,-16.896431021030498,1
737,-5.1557775004918325,-3.666624441156593,3
738,1.0422064593656544,2.5566401630481654,9
739,13.841672686181823,-18.47511291807924,1
740,7.723756658165711,-14.598649222856853,7
741,15.20158073219012,16.863942795028354,6
742,0.3497128011830727,-8.656996868046274,8
743,19.5260961932286,-5.598105591001766,4
744,-9.664770979184626,-0.16844297141098483,3
745,14.797786870870276,-17.532593865618207,1
746,7.75885616335956,-11.811887310643897,4
747,4.218134223535241,22.603579920085828,0
748,-3.645502714761775,6.841434793998687,5
749,-16.822064245747157,-8.985145663963772,3
750,23.09455510057103,10.525182077263059,6
751,9.839780361407781,-2.7725510448571447,9
752,18.23404741604512,8.13936400768365,6
753,10.738371345165408,-22.235803168149154,1
754,5.711413439791305,-12.492241283603498,7
755,0.9809710296455371,-11.113066796907205,5
756,14.952218484297317,-0.6712353167100598,4
757,15.99688768247291,-9.867455420176507,4
758,12.698173844546826,-8.231957288944882,7
759,-13.838815954340834,-9.818524070225429,2
760,10.127256342526389,-9.451699039904808,8
761,-13.315697654198578,-7.428721409954395,2
762,-12.396133668228746,-8.590931393690765,2
763,7.8612385852434015,-8.360560130730883,5
764,-2.3874802612662616,-19.877702713950494,7
765,9.20564796595005,-0.34941187327569156,9
766,3.849726692746733,-0.17597556525325866,5
767,23.407129309099634,2.567516966626032,4
768,-2.679763430424633,4.838227242169166,8
769,7.233965094301074,-4.732025010246759,8
770,13.811291236547225,-11.33120242461242,4
771,1.6163104400441126,3.61334355721718,9
772,3.3655333912004304,17.28677800469439,0
773,-0.9986108207224181,4.7038396043111455,8
774,8.34252272026588,-11.087425485353329,9
775,3.5474590528764782,-3.60536767455794,8
776,-3.261339927151401,19.7072579357772,0
777,2.5065760237132366,-26.787526851105447,1
778,-11.55455528796173,-8.667837492216824,2
779,-5.389719314336824,2.004682931603825,3
780,28.222183095981872,3.1226284495874985,4
781,-3.8162102564588154,-19.824526969528627,5
782,9.084628520818825,21.021053105457554,6
783,-2.3424953984576495,-16.213851987744594,7
784,4.304377464881579,0.9682168384761825,8
785,-19.501840213365163,13.92147196277658,9
786,-4.089319483907557,26.5201547104426,0
787,-2.5136692132589915,-20.44309917625208,1
788,-13.536328094287551,-9.744012425968757,2
789,-21.08018668532896,-1.6311304525853216,3
790,29.812848085805705,-4.172383354482155,4
791,-1.4714157596188433,-8.18343949220378,5
792,8.06306044708367,19.78844305022529,6
793,-2.8875807717004114,-21.299050325025878,7
794,8.31268509254694,-3.8298716209582873,8
795,-8.890807160266572,14.895734927988501,9
796,4.266380448038359,18.071869710739296,0
797,4.1928119988655075,-26.275489610591944,1
798,-9.860577451657717,-4.880800888474006,2
799,-22.167365799898644,1.7336316109576768,3
800,25.744024051611838,2.473339164517779,4
801,-1.3471663259289857,-10.50740526277451,5
802,14.569602095194442,11.39047319444687,6
803,-6.82753597174347,-22.78197239369604,7
804,10.317815000026728,-8.001404734710777,8
805,-11.335958230549135,13.611443823614216,9
806,3.933783149443378,25.277177133544072,0
807,-16.513937262572817,15.515797027462042,9
808,-7.812671688976949,-21.753668261252635,5
809,8.227735718413141,-12.302456785798661,5
810,11.166999518052002,18.48999702212221,6
811,-4.474594572585426,-21.52124406173755,5
812,3.5708697152783917,23.550166045235347,0
813,-11.048374410478182,9.119139529183656,9
814,-5.758091545157781,1.4352467504891993,8
815,-17.702802996278,14.583552548520117,9
816,-5.560023895010917,3.3104054134664933,8
817,28.95324360522336,3.141182581308126,4
818,12.400141439685319,-9.466061300167473,1
819,-8.153808132212232,-18.07443240689478,7
820,-3.1388014044723693,-17.060257072832158,7
821,-20.489076345059942,0.22733416894937677,3
822,-1.2960860737951367,-16.419959462778635,5
823,7.536070182394086,-18.941427608919692,1
824,1.8025350346984423,17.804058229839953,0
825,5.363686709746735,17.281960798392863,0
826,-12.577889481389793,-11.87634781599775,2
827,-0.1712284183242367,5.945073865303819,2
828,2.804611748126174,-16.46069493826988,7
829,0.975652409661164,5.016531930927522,8
830,-9.383208227917754,-6.722182032345231,2
831,3.6584572218782903,21.72355338003029,0
832,-0.03238899079461697,-3.0312005646961717,1
833,-7.422847312980204,-8.84231075812105,2
834,20.479029547213642,6.267162657193564,6
835,-13.843673128282253,-6.594624921080783,3
836,-12.337262219044032,-5.797089527408993,3
837,-7.399615096353686,-20.607320947318836,7
838,-18.686032013884912,-1.549654835993573,3
839,-16.32100756645506,-7.036473746800654,3
840,26.977213441824738,-0.9095987179888934,4
841,19.68026818019003,12.763797267322596,6
842,13.873014919635619,15.074165882671993,6
843,11.250620104768785,17.273338686676713,6
844,28.85979262097447,-0.7226744285626038,4
845,-16.603946598416783,16.671452220081814,9
846,0.837037717459108,-21.5063874836166,1
847,-2.992473708410632,-13.49245748042509,5
848,6.742914778164834,22.40925137338063,0
849,-12.514984236491433,11.082960258879748,9
850,-3.7153722292871425,-17.09185034948107,5
851,-3.7941405208185306,-3.8388295135533235,2
852,-6.11785634665825,-6.860558796125732,8
853,-3.1673246165263618,-1.9672272043500563,2
854,11.652402820175297,13.132637232420016,0
855,-5.1401881879907805,21.25319214651589,0
856,11.009673075563223,-12.803129910920449,1
857,-5.245857569518679,-18.700576095817304,7
858,19.00207777673224,18.395650626805185,6
859,-21.40940199913017,-0.4697263371680764,3
860,-11.793592438928735,-12.313809002131485,2
861,9.327473142570225,-19.696964780327523,1
862,0.7988209119131372,-17.35918156358014,7
863,25.292664560379073,13.649769997572957,4
864,11.082452874714004,17.440850136439508,6
865,-19.175761955615208,-0.8971495214272507,3
866,10.334027979095186,-25.29800009071905,1
867,-21.47135002269693,1.2281409965249974,3
868,-12.606899492963688,8.238093487171035,9
869,9.012538253586117,-22.506924606643796,1
870,-1.1998007393014947,-21.257690662134785,7
871,13.278585686286538,17.02645701011538,6
872,2.0012812791674524,-3.664506815181809,8
873,25.41378063499107,2.3459297233874943,4
874,-13.947614045363393,1.6352716468464064,3
875,5.724888592854112,-26.02509570017269,1
876,25.676480548756185,4.368073228772927,4
877,-2.867730720255219,22.759847233397846,0
878,-4.2541232283937935,-14.607065502580982,5
879,-17.425943827517475,-1.7228653724177114,3
880,18.839072740577812,2.3650300546262506,6
881,-16.926075871850795,12.731668240996369,9
882,17.41324749303643,16.203223048817293,6
883,6.217237825703597,-26.120057616426244,1
884,-0.007867398748874104,-18.59193926885978,7
885,1.6689010030106854,-12.001266003495385,5
886,27.270528654332892,-0.556094141228054,4
887,28.756967418205306,-0.36060407255191373,4
888,-2.3131798081821655,-19.237700777252243,7
889,-4.09412151870481,-2.7638362967901062,2
890,-1.5949275742225488,-5.491404439667774,8
891,-7.391744007729021,-6.963333974550318,2
892,-13.426782036743305,-5.296586648477102,2
893,-9.29993338025846,-15.060265515510203,5
894,-7.840267189041257,-20.16196648445597,7
895,-14.796542743924585,13.823051153135875,9
896,-2.1112294921674355,-12.943572150123684,5
897,29.55756772463051,3.9304013253550987,4
898,-1.7180773009967854,-3.5362252117925728,8
899,0.1538237586427722,7.706171214677522,8
900,26.43155154701428,9.50465487739744,4
901,-11.468722833480005,16.041786231468503,9
902,6.788868582817509,20.91684205798134,0
903,1.0436669891115196,-4.349842056963381,8
904,-20.86111609448789,12.020264680763038,9
905,10.424776884344627,-6.834304235466043,8
906,2.904987200407379,-5.780297192629874,1
907,-12.272589978617303,-11.283524902035337,2
908,-19.258725491977863,9.030462211311702,3
909,28.22762820871555,9.628069023084052,4
910,-9.445689996846886,3.4727437076507752,5
911,12.529075096756337,17.74789205075619,6
912,5.179900921015894,-8.5468561068046,7
913,-8.953979655842305,5.007215725886138,8
914,-19.545706807472936,10.88669930601496,9
915,-3.639203231957771,24.94510895080972,0
916,-1.8835321547160673,-7.0026283717199345,1
917,-7.053447691079304,1.0973279092258514,2
918,-17.97201938186829,7.82244015563134,3
919,28.763294989672488,6.9317639918987,4
920,-13.14161280106826,13.577651026594335,5
921,15.769611005017376,17.164658644036805,6
922,-3.1094147864249537,-13.925370978912175,7
923,-9.526220631228252,0.8759657429933073,8
924,-20.105946749901758,13.928131391178601,9
925,-4.437594395589156,22.739007806586272,0
926,7.751537117459191,-5.236377443070826,1
927,-15.940642377139888,-11.07143214686132,2
928,-20.211817114438883,6.103365934578641,3
929,20.432057564521962,5.506584433061116,4
930,-13.170188638114869,13.605822380565119,5
931,10.329914646647868,15.977352501602212,6
932,0.33669918580711955,-13.093896635646319,7
933,-7.196983116137065,3.90423685837788,8
934,-21.802702107310513,8.929593583875283,9
935,0.678210403573357,24.467402360393788,0
936,-24.947298918016756,13.182691784959259,9
937,-15.065678830675099,16.84625047423476,5
938,-13.83050880947101,12.693739348115349,5
939,15.311995508587092,16.45877385787544,6
940,-15.870823315117498,14.986521852927442,5
941,-6.436954520137156,22.790718814086393,0
942,-17.73455146010646,14.970396273901164,9
943,-11.39878026118153,5.161201677545657,8
944,-21.22012302457434,14.260820571382093,9
945,-6.497904479686043,-1.7228258449977325,8
946,22.69988846946607,3.641174471264509,4
947,-7.893977356372798,0.9697221491594107,1
948,3.524368892476112,-14.776199447960707,7
949,2.8067632581056188,-12.750383306345574,7
950,-14.38312096659756,6.48442465163072,3
951,-14.666634199946442,17.849519462292484,5
952,-5.195753242517996,2.4927263977696845,1
953,-14.022800200267193,-13.631211358007965,2
954,2.4103235397970684,-12.667061369420658,7
955,-11.53633668705515,3.8371005763203314,8
956,-13.131088638428764,-5.997998321017311,2
957,-4.593433657564262,22.960912440018753,0
958,-0.2927290806961051,-0.09592306958693599,1
959,-11.248326239326543,-10.808385664674663,2
960,9.667844180156418,17.12024257921285,6
961,-20.0799011735064,4.541713218656212,3
962,-19.64940240533624,8.100014451349958,3
963,0.5602887021338012,-14.026619954445316,7
964,-13.92538200376934,10.8112708301236,3
965,-17.072454172898475,12.494646537959008,3
966,16.78027488656856,6.694959969183489,4
967,17.42958934299606,16.01150383851769,6
968,14.007428299208858,15.703892273884266,6
969,13.241281154276887,15.124192461876799,6
970,19.88952763661899,-0.14466611286629447,4
971,-18.31323073905515,10.680462491893964,9
972,-5.083448823274683,-3.4937279034794124,1
973,-14.359208770257196,11.306693088866323,5
974,-10.297382212217,24.07777342043432,0
975,-21.044800210309766,10.01859062271082,9
976,-14.880140674205595,14.459634684545222,5
977,-16.300853958295487,-3.5894752892467117,2
978,-8.743578603590517,6.15234935340852,8
979,-12.127353017107323,-10.501757407948125,2
980,-6.993553741218002,19.817789974944457,0
981,-7.192458656426979,23.954151109372376,0
982,-2.5235951112176616,-2.3564880123181924,1
983,-2.5643561096032763,-17.73646232050878,7
984,10.636220676442463,16.59647896475827,6
985,-7.9065591824144414,14.15989830359395,3
986,-11.967602930750111,-11.248586778909099,2
987,3.782087052499526,-4.558346528927934,1
988,21.653370424999974,14.012918289909514,4
989,19.92723257932981,8.222093051556673,6
990,-21.633556768833273,8.552830532129011,3
991,-1.9651096554158656,-5.457174339337654,1
992,-12.770169569575042,10.263708218906432,3
993,-13.749685763526609,14.181325126126593,9
994,-2.204311386906179,-5.853018281687588,1
995,5.356475485615834,-14.12116155053676,7
996,16.558496114356227,11.851757033465983,6
997,-6.42762139618819,4.911539082843931,8
998,13.676391743396511,6.693524980134655,4
999,-17.156417527946545,4.154848043314273,3
1000,-3.9328506279387505,-1.4295679895994444,1
1001,22.452059241375746,-1.4764571136321227,4
1002,-4.140715748075584,23.009597394065544,0
1003,-12.295949432351518,3.675447668928563,5
1004,-17.408186669694064,12.168303643858863,3
1005,15.67673817207001,16.124558360277398,6
1006,-22.68682499392479,14.43985537690164,9
1007,15.90646264758676,16.545097704234358,6
1008,-0.37251707969565845,-0.90347023643132,1
1009,3.2603629492130484,-12.33737861653625,7
1010,-13.786047505371425,16.485211242589525,5
1011,27.23663872695608,3.135345570278464,4
1012,20.532309870644728,4.845372618431497,4
1013,-1.4534698889096378,-14.990382968232817,7
1014,-12.201852818501385,-5.974431626948805,2
1015,-7.813061878442771,7.408440738059442,8
1016,-11.207711992075714,-7.3100656830104125,2
1017,-13.636305303126536,-11.253549474072138,2
1018,-12.592223885728545,18.62929344864641,5
1019,1.2926751547133242,-14.23901399712507,7
1020,-17.64854956216139,16.203951191198396,9
1021,-16.833701360075928,12.766783310929869,5
1022,13.61575411708655,-3.8883772548083235,4
1023,24.445596849199305,-2.853933673042818,4
1024,-10.834746106428497,7.099125908051725,9
1025,-12.358241189048746,20.10320607442454,0
1026,-9.106998643022209,0.973796001305153,8
1027,-21.184998465043797,10.509433533014926,9
1028,-11.758291032952556,4.732811677174594,8
1029,1.0062349492340708,21.124799165510662,0
1030,6.543810120495245,-15.936492068246807,1
1031,-11.527636680873707,-4.253664679119834,2
1032,-23.13576773785417,5.440719078739305,3
1033,17.003631302291925,-1.858760357873723,4
1034,1.7436629651629094,-12.013777563548697,5
1035,12.785956219142916,16.635346059079563,6
1036,-5.359996945289373,-18.292160379820274,7
1037,1.530368774022247,-3.916500008705621,8
1038,-12.879027751108389,-0.9560712211402432,9
1039,3.755738195783126,26.311390846491967,0
1040,8.851550700132783,-17.00336115179944,1
1041,-8.67172558153867,-7.679678571292758,2
1042,-23.394703800407,5.353396332457347,3
1043,14.48978070061359,1.0510460665089052,4
1044,-4.61794741846832,-10.564443570900798,5
1045,11.121716652472882,19.37999824980592,6
1046,-0.036643565777948334,-15.998430475330421,7
1047,-11.211007379139684,-15.329800077443815,8
1048,-10.903062477122328,7.629520121555009,9
1049,2.1351369807286606,22.89595700042959,0
1050,8.69289059653505,-24.761498836477315,1
1051,-15.186491758073654,-3.0689146410187766,2
1052,-24.583836237179227,3.2142167091272498,3
1053,21.25786813130152,1.018291979201469,4
1054,-4.032782285719091,6.2050475314779066,5
1055,17.204067649463756,12.42765139680869,6
1056,-1.2611114010622106,-14.464135617301773,7
1057,-8.307292634037996,0.7093649771539697,8
1058,-12.299080340850326,7.380617762227311,9
1059,-2.834993332239906,23.971421003619554,0
1060,-7.922654700478481,-0.14247043116028782,9
1061,3.3794857963658482,-4.789766258886451,5
1062,1.261152540838096,-7.66922892856292,5
1063,18.888788115577412,6.023154879468583,6
1064,9.148220352688977,-10.919215953445509,5
1065,7.120086736156521,25.652752493298014,0
1066,-13.05830373171569,6.921210092986024,9
1067,-4.517084234685155,-0.576452187599013,8
1068,-8.556449399715712,4.910533838970823,9
1069,-3.8354148736964153,-6.489418914042849,8
1070,16.47459321047056,6.659074857337064,4
1071,9.161380011257863,-19.758590181280496,1
1072,-4.963266656931154,-15.26958606888075,7
1073,-3.028269739004127,-14.764673335836608,7
1074,-24.17690297353027,2.586145782199874,3
1075,-6.651813574262214,-1.0024419392214377,5
1076,12.57016573084781,-22.273609325689453,1
1077,4.70983488427,18.377204821366377,0
1078,0.2994586175343105,20.044978539393917,0
1079,-5.550631931746867,-15.17688236087436,7
1080,-9.45064765285483,-17.403629667621114,8
1081,-15.504660930330203,-7.96025674972724,2
1082,-5.092036305619359,27.377140546200977,0
1083,17.15787030185454,-11.660825617992643,1
1084,-14.27564536547156,-5.139824842042939,2
1085,16.592472126598317,7.0928766265266505,6
1086,-31.169898533699254,8.264708444284983,3
1087,-28.40321630892238,3.1783014812645884,3
1088,-3.8072078859516822,-19.75461407030485,7
1089,-28.858174571341433,7.508726244346916,3
1090,-28.833297497355137,4.405791468833182,3
1091,18.09637090840859,0.14747069472592236,4
1092,15.344991227647244,12.437232991294298,6
1093,17.28236677453731,8.042617552969698,6
1094,19.793232281167107,11.13560443206894,6
1095,5.105784560290792,-7.814781271060133,4
1096,-9.666003581053129,10.366226296050078,9
1097,6.91790473205086,-25.258572021537987,1
1098,3.7734437373215903,0.8181388634899258,5
1099,-3.3091327829778168,22.170135696846412,0
1100,-11.296240046737749,-4.463759460699724,9
1101,2.3987423114763957,-12.637747767042645,5
1102,-12.999424308309603,-3.6174758635180995,2
1103,-10.212185555456768,-2.419569648423309,8
1104,-19.144975662842022,-0.7605937113191915,2
1105,1.3966770123178232,28.0331188461957,0
1106,-0.6831237419338367,30.092206299641127,0
1107,13.169634986313595,-19.229731743730685,1
1108,-4.513099184382939,-15.942557075700282,7
1109,23.70162300429272,7.619500043125732,6
1110,-24.802722544325597,4.7676758664303005,3
1111,-16.821389525367497,-7.663510181295458,2
1112,5.19984121426715,-23.765118441289655,1
1113,2.296094323942346,-15.305815873353392,7
1114,17.337604515865024,-1.4926425114239075,4
1115,17.746600770335704,12.007548706326665,6
1116,-27.876068073801807,4.252569318101189,3
1117,1.250273871728361,-22.275448608131548,1
1118,-3.1951287606661,-13.079163445840868,3
1119,-7.745797472067952,4.829807832692094,9
1120,7.968875059920239,-23.31056916687177,1
1121,1.4573013420285186,-15.787046879618657,7
1122,13.62654246271668,12.120112217764849,6
1123,-6.42185029720855,-3.7735820679233276,8
1124,20.19452923142997,-6.286831148281693,4
1125,-27.079434862123367,6.015399360516897,3
1126,14.424344082431217,-15.635829178057733,1
1127,23.323078023805085,2.8974683852146366,4
1128,-0.7628076231846745,21.86921142917684,0
1129,1.3887332286171958,-2.25901501596357,5
1130,-27.48293687179495,4.682481075015165,3
1131,19.40480643311254,7.992700737777225,6
1132,-19.522809239708483,9.336892518554352,9
1133,15.09281262984023,15.890988197940313,6
1134,11.64058575853949,-21.648565601502465,1
1135,-7.7405806190736355,-19.549725250915873,7
1136,3.3776936078071924,11.430170350334084,5
1137,26.04489158262598,9.176245263859437,4
1138,14.353686503710604,3.2049646651539185,4
1139,-2.18130873040034,-14.924976878063585,7
1140,-15.260420942640911,-6.4647696781620425,2
1141,-5.160624358914131,-9.98080164081145,8
1142,-6.050356295471421,-9.694129025550504,2
1143,-9.124147392858163,-3.958752936514053,2
1144,1.9905754930483497,-9.499193720165321,5
1145,-7.4207874157127955,-18.120516201015835,7
1146,-17.12621334792349,0.7098542705401801,9
1147,9.323217710037781,2.57245176685084,5
1148,23.76843734817879,3.229531769437398,4
1149,-5.994877947241104,-5.448803521145402,8
1150,-8.508931136839166,-5.280651004731663,8
1151,17.579975014445154,-7.210306674669312,4
1152,-2.2890903928553006,2.4179869233915974,9
1153,-0.35588560378848044,26.167592348359474,0
1154,-0.3951694018755513,-11.840690739126655,8
1155,-17.401402367506737,-1.2157163863203606,9
1156,-4.342975691439179,-7.0032837606173715,8
1157,0.4016587155445941,22.687474831695415,0
1158,5.7228326725585035,-14.598464273165487,1
1159,-12.20024167657868,-6.616352088402416,2
1160,-26.15002503178915,6.1787803878356975,3
1161,26.76296954025585,1.8668005684305071,4
1162,-0.8220365374368956,14.19904290927736,5
1163,5.38053190416478,19.602542151936543,6
1164,-7.03138845781731,-18.983470744437476,7
1165,-12.03701373060181,2.3419471544071966,8
1166,-14.57920960548259,16.41528988007875,9
1167,2.3082944963274517,18.22890447390887,0
1168,6.179786609735483,-10.943809137884944,1
1169,-16.435856990912615,-12.438989033655327,2
1170,-25.342349679464412,1.8632658805234714,3
1171,27.292237715189923,9.036203013356575,4
1172,-5.575147633907575,11.014810698007533,5
1173,17.912539620586056,13.464703721944272,6
1174,-1.407846454101409,-17.032413913189238,7
1175,0.03060212655973291,-8.904059134311453,8
1176,-17.067339940849436,10.177146697910374,9
1177,2.35343326483617,17.621629984601054,0
1178,8.38451314338743,-15.601053859523773,1
1179,-18.04677665243786,-13.389502738891172,2
1180,-25.854341354933194,10.81094351473744,3
1181,21.017475137458433,1.034637529075394,4
1182,-3.927000769841533,-10.723363802154024,5
1183,17.809043949901795,12.420585058191495,6
1184,-0.569772001670431,-15.907763012286136,7
1185,-3.23828453760165,-16.090281779925807,8
1186,-6.536491697940329,12.62056695724759,9
1187,-0.9741843342109149,12.167152131631244,0
1188,-18.012812575387215,13.724345937370456,9
1189,-6.582563407186203,4.872531961733038,5
1190,-9.2301998654392,-10.306786905914308,5
1191,17.49824298256407,12.578730381527297,6
1192,-6.015043632176331,-17.385109146357433,5
1193,2.969516337329349,22.714505357382908,0
1194,-16.43354267066556,12.22006266747659,9
1195,-4.38118871313756,-7.941968575137031,8
1196,-17.98354036146827,11.478022507937792,9
1197,-3.163219869030422,-10.30132362326031,8
1198,27.99029864695789,10.210453420327811,4
1199,5.346034183775613,-22.426943129354218,1
1200,-5.910490676641287,-16.713091976452812,7
1201,-6.025209746260543,-20.00758502866319,7
1202,-11.48796826564902,-26.054648667310882,3
1203,8.146363476116735,8.696127552326924,5
1204,4.906708940598407,-16.662816209753494,1
1205,-0.7710619095912598,22.859279542425877,0
1206,-0.33164734636505167,19.389702425432308,0
1207,-18.829685289255615,-11.241997233612468,2
1208,-15.36076965366631,-11.00080024647813,2
1209,-1.7574894236779626,-20.585787913381576,7
1210,-2.293667927446437,-13.506461894701378,8
1211,-12.982535327641711,-7.264183866869009,2
1212,0.5222990958963823,16.569572193961335,0
1213,6.96387423390891,-26.4405711852565,1
1214,-18.876507702840318,-9.166464429475631,2
1215,13.793383480379607,14.0983229185289,6
1216,-26.494874261243265,12.18522841343646,3
1217,-23.846686901116673,-5.6130711864681775,3
1218,-4.3224487009015045,-19.020569850871045,7
1219,-23.41040367981024,-2.7709966643031483,3
1220,-28.391559458667604,6.509051466960233,3
1221,26.162954755564652,12.670257005491273,4
1222,15.596475185029819,11.4691965934981,6
1223,19.015448811702136,12.04052566834039,6
1224,19.40187605104083,10.94034118491946,6
1225,27.36141153099559,3.797782036660711,4
1226,-17.21949006530937,11.30335730224426,9
1227,10.002825787922028,-17.352271868273387,1
1228,8.03554357568992,-7.075970235008033,5
1229,2.7445520228128912,13.721863079326667,0
1230,-14.434583800171694,8.558898260519232,9
1231,-6.228903264351966,7.739731722479883,5
1232,-19.87005011480783,-11.638706525846404,2
1233,-8.880077459269755,-16.228102544984864,8
1234,-17.087242660276246,-9.141158112742271,2
1235,-3.8145318857706396,11.77609369188155,0
1236,-3.4468853422138928,17.15614323268016,0
1237,5.501889814087795,-26.84341438739492,1
1238,-7.951652477851019,-17.071074578645565,7
1239,13.507915690583681,12.774965216943,6
1240,-23.651377158203545,-10.915834396720312,3
1241,-19.764848126442807,-7.3310694987505025,2
1242,0.124217762893621,-20.33905224290068,1
1243,-2.664575386107998,-16.996982831286886,7
1244,28.98470741917592,1.2060187164740472,4
1245,15.258916154125984,11.097501531085193,6
1246,-22.983244661531906,-1.3505287700160584,3
1247,10.774544049603689,-22.538222518687792,1
1248,-21.995082554416165,-0.21241681023831332,3
1249,-19.44367451111051,11.24568645478292,9
1250,12.415676565579009,-19.361084690554517,1
1251,-2.2403206548636634,-18.722692323589484,7
1252,17.175309665206836,9.556569948956389,6
1253,-10.506762781315224,-14.775107575439472,8
1254,27.798678692768757,6.522140526190671,4
1255,-23.191684569830972,0.9480866932788843,3
1256,14.619661591725585,-7.854258613001821,1
1257,29.515865050521548,6.809990561297065,4
1258,2.5746579495791733,19.23065563182539,0
1259,-3.363814038332247,-9.669916574699654,5
1260,-23.28038361991563,-12.887459442799921,3
1261,15.397615027202937,13.865282808129482,6
1262,-22.318220823524058,10.985204568404534,9
1263,16.5175133736341,11.597980273889767,6
1264,13.482673027170577,-3.43642529629048,1
1265,-8.872215806202187,-17.09059433691721,7
1266,-0.544539661836051,-8.265112364061315,5
1267,23.88915261435828,6.13519348448342,4
1268,29.977058945564007,8.008168424132244,4
1269,-0.7588634816651041,-18.782271929844313,7
1270,-9.15482412449755,-0.3982530282251032,2
1271,-1.3532574819071392,-5.599850337988908,8
1272,-15.78714342430423,-6.111870656898542,2
1273,-21.905317539473202,-10.790407690881393,2
1274,4.8342497885690525,-1.624491882507385,5
1275,-7.518994006290609,-21.254680189427077,7
1276,-18.632056385073042,7.688307172865606,9
1277,-3.592920692594173,-9.024293517236107,5
1278,28.12397780749462,9.994558806512202,4
1279,1.0021585068822207,-17.334197146836164,8
1280,-4.191921164701183,-12.911401151934331,8
1281,16.373162299939796,1.7568854138403498,4
1282,-23.35309990693679,13.525170999934351,9
1283,-2.6000404901683924,7.38707529105895,0
1284,-5.248750434497047,-17.636536586619975,8
1285,-12.108215582953564,8.859180802794755,9
1286,-4.5579818479390894,-13.067929327657952,8
1287,3.1321705134684183,24.091136459202133,0
1288,-1.6853555793660708,1.9928641615648814,1
1289,-10.98360190924099,-5.381760380414868,2
1290,-30.255839183741216,0.14911032334528035,3
1291,23.45943005919992,11.08501098797146,4
1292,-9.572076205265363,16.10987309215195,5
1293,9.361808822305555,0.9045214229068197,6
1294,-4.616026538882614,-18.49683391793723,7
1295,2.730691447348973,-10.009894960417407,8
1296,-20.588361142245887,13.896079709670271,9
1297,8.278126655025067,24.385328620511867,0
1298,6.706799689871048,-17.1212323600497,1
1299,-8.546371733406762,0.14083052700617435,2
1300,-25.850821029245328,5.907634817627572,3
1301,20.530517751539495,17.857588669751006,4
1302,-12.556467055380184,6.134043594678342,5
1303,10.840981442363304,2.773232376416738,6
1304,-8.85299780032863,-17.232892740875553,7
1305,1.6727179390026354,-13.345559137140462,8
1306,-21.333451902337337,11.62488415249483,9
1307,5.235430801480185,27.9063204189331,0
1308,-2.593101079370563,7.193724590140379,1
1309,-10.113557570268046,-5.568447434812441,2
1310,-21.228271020557493,6.1569180945971524,3
1311,18.37174900189584,7.268458476837137,4
1312,2.005156599281659,4.557761755276321,5
1313,10.994856569974546,8.737051339518585,6
1314,-12.692050250262396,-18.40109924700663,7
1315,2.821609070583013,-13.78162243146517,8
1316,-20.158720231810946,13.425151832844472,9
1317,-2.7651330371122937,28.98545929149187,0
1318,-19.347271689364668,13.021545771373809,9
1319,-4.959977477868424,5.035722907470523,5
1320,1.329688913153636,4.054989420312845,5
1321,11.985111040284389,8.990061292638988,6
1322,-6.084884949121921,-4.3699626466052415,5
1323,9.34372828180557,13.64943787829273,0
1324,-14.121401401909809,11.246913945507679,9
1325,-1.5215053666592737,-14.960017551406617,8
1326,-11.741343428683829,11.056178625043893,9
1327,2.8180536272609356,-14.025577717392649,8
1328,24.547000497908748,12.457834583566424,4
1329,10.276532631964804,-23.55449832139101,1
1330,-9.116974244617253,-13.020165745361268,7
1331,-12.694692033317983,-16.01795798574332,7
1332,-26.625766749070156,4.971981063771575,3
1333,-4.092102311803617,6.4855773058435915,5
1334,5.683444845313688,-26.882015453718306,1
1335,6.45396515464342,26.138824329165683,0
1336,6.497667005338646,25.287791035603792,0
1337,-17.755313374847542,-0.41093892807543114,2
1338,-15.1606149664466,8.479286136957242,2
1339,-10.04921078033838,-19.162307945482453,7
1340,-0.7543227616450955,-13.31510615646413,8
1341,-12.354259696819875,0.920764537646547,2
1342,-0.6453060767279508,24.61674537856278,0
1343,1.97589425199564,1.7092207169977605,1
1344,-15.168584566140089,1.680810161233428,2
1345,16.84730873556756,11.890341220460384,6
1346,-18.117805790726173,-2.924912940007954,3
1347,-24.27846778867603,6.209952336102432,3
1348,-6.327341554361197,-19.13061443769689,7
1349,-25.499839128561835,9.137423039316742,3
1350,-28.365273334154384,12.04110415797696,3
1351,23.411185212937493,10.741054389425175,4
1352,13.097730766654959,11.172219860987033,6
1353,13.694095421501405,11.254734683197915,6
1354,14.906170612198489,11.224314896581953,6
1355,29.479083044872187,6.672161168022871,4
1356,-14.779918986982533,10.936889930256392,9
1357,4.111190238278684,-24.448788329230634,1
1358,-0.4065354464518229,13.56240769959192,5
1359,5.008341978796099,20.332084535210157,0
1360,-19.40044719452444,13.316184612813123,9
1361,8.88669963907488,7.565009558326582,5
1362,-17.651234438492192,-7.706489020958329,2
1363,3.0299724566953268,-6.703588626345111,8
1364,-12.680230238319856,10.82174974573225,2
1365,-1.4181443106287035,22.16400393449776,0
1366,-0.9087352002050159,22.735802988467498,0
1367,4.365192514872428,-7.778984109267559,1
1368,-8.37733746110477,-20.50647765733172,7
1369,13.844931005008748,4.308737489870556,6
1370,-25.108025111983725,2.1927437296261707,3
1371,-10.270800039602538,-5.2166189370390725,2
1372,1.4129470205647678,-19.971137938330163,1
1373,-1.4836706909130257,-18.481706827562093,7
1374,24.74708114809748,10.305649711069687,4
1375,16.69692388350353,4.731177347498828,6
1376,-21.811142744209878,-8.94588614313516,3
1377,2.575440106798654,-25.34175821519303,1
1378,-23.671471457373563,3.351903922321633,3
1379,-19.654681860834028,13.870228209992215,9
1380,7.688518953180986,-23.180370600571834,1
1381,0.027423591874504674,-15.413954208854214,7
1382,11.77533391400366,1.8104359543891873,6
1383,-6.690821083205083,-16.43889954681121,8
1384,20.999454121750816,13.258937614478858,4
1385,-22.603543350078443,9.34924923406593,3
1386,10.78330734263127,-21.9057736601343,1
1387,28.842029948000267,2.006740047510589,4
1388,5.198146967170022,26.770975525904916,0
1389,10.4864448965672,-3.533785269823405,5
1390,-26.39586337247865,1.385623724038021,3
1391,11.429249847773708,7.656497491290548,6
1392,-18.101834040627846,10.849683279295126,9
1393,10.420083635439925,14.491707148079598,6
1394,11.166337918023732,-17.88528038638686,1
1395,-2.779854821176112,-17.484629901002357,7
1396,-1.9106076472830291,-7.295318325036083,5
1397,25.20043220797734,11.239693375275314,4
1398,26.46136613422785,11.211582821763022,4
1399,0.6803896510163524,-15.003681154905498,7
1400,-13.681924048300768,5.591535468159415,2
1401,-7.861010432557811,-12.760309806846537,8
1402,-14.101396430649245,-2.606946856301443,2
1403,-14.633310935172377,-2.8062704629168556,2
1404,-1.0244758239838192,13.604114261193953,5
1405,-6.657831905209734,-18.24170071744907,7
1406,-18.877436969624775,7.513939290933601,9
1407,-11.389253288507533,-2.437312591489032,5
1408,25.36756581894018,9.051913326951984,4
1409,4.922676313575993,-18.102510705377263,8
1410,3.666397559247199,-10.910970751703847,8
1411,28.629767775820955,9.727173188290998,4
1412,-10.09425028459317,10.805108052843432,9
1413,9.251099010325055,16.643322042664604,0
1414,-3.450962563329649,-11.679312742650147,8
1415,-7.301117997029117,19.959340395607594,0
1416,-4.904151695232057,-1.3854804528027123,1
1417,-9.769412475293398,-4.824901567060074,2
1418,-17.70461091228367,5.224431974517752,3
1419,18.089901981789307,-2.9552270436447903,4
1420,-12.529106359287471,7.072682360844278,5
1421,11.702692778125451,18.56944707740878,6
1422,5.863024262080986,-10.893122321244057,7
1423,-12.493532359070892,4.0923225332952216,8
1424,-21.45409179613046,10.385219376084233,9
1425,-3.653365325862476,19.19879641926009,0
1426,-5.529744783122956,4.6888811803166455,1
1427,-6.508923596619882,-4.701793685454611,2
1428,-21.388390762628696,7.399174761433403,3
1429,25.789683190504057,-0.5440133996854258,4
1430,-13.056544526276143,12.898032590591729,5
1431,9.78865292404687,19.85094678464824,6
1432,1.6868637865219556,-10.390241739126205,7
1433,-7.9953086536895706,-0.2270560882601335,8
1434,-22.955508271168405,10.750362480779424,9
1435,-1.4040096737334506,18.152432894250328,0
1436,-3.1187781502425205,-0.8298408491660534,1
1437,-13.311692374712727,-7.330770460879703,2
1438,-18.57931941030602,1.0206851976145233,3
1439,25.03347835196858,-3.7115378843500784,4
1440,-8.58034607865449,15.238548502792481,5
1441,11.263758545526214,19.747919167530164,6
1442,2.4724287158365987,-12.89714814346703,7
1443,-8.448558671555778,0.6648555285093966,8
1444,-22.167316194763355,10.811345702721297,9
1445,-0.5650273204578377,20.737493968798457,0
1446,-24.544197465471097,13.50977226754758,9
1447,-13.93895081818022,13.528169579878014,5
1448,-13.897480458880525,11.85455778987044,5
1449,13.17593088465911,15.770326310165164,6
1450,-8.068937373194329,12.226409051241344,5
1451,-1.7981299754497042,21.566726742440537,0
1452,-20.60282111455636,11.81611140125675,9
1453,-4.0801215129889385,4.617412905721452,8
1454,-22.379010491667223,13.235843829589939,9
1455,-7.086090210420946,2.5751938080904906,8
1456,26.689184892092925,0.6650655973510131,4
1457,-5.1264754230995395,10.347588644073138,1
1458,-3.029883124121111,-14.836630673883088,7
1459,5.507650410895646,-9.544069546508258,7
1460,-21.455865176035243,3.3191520004115143,3
1461,-16.68409765525987,14.038194543316072,5
1462,-6.802486446435843,10.70541076103764,1
1463,-1.6854411903278481,22.71916324392271,0
1464,-3.7965091644725275,20.321106187547727,0
1465,-15.392337302183053,-12.412374083673393,2
1466,-12.88513566755383,-8.241875147955202,2
1467,6.305109073527689,-11.25134191257476,7
1468,4.223123028293545,5.102028352809701,8
1469,-13.467146087302593,-9.544974638075264,2
1470,-5.302315289147247,28.620925950531458,0
1471,-7.6217243811151105,10.502674012514154,1
1472,-11.380506311362987,-11.10446530357033,2
1473,10.537972936555015,24.776345924691256,6
1474,-18.388908954446727,3.108736971287412,3
1475,-20.053045518374155,6.602360688447642,3
1476,-0.8655767294592722,-16.785954602754693,7
1477,-23.220131810482584,5.122096250096519,3
1478,-27.87534811343472,5.618275475103276,3
1479,23.640338104589638,-2.225369136819636,4
1480,16.24245090252523,16.115000332128886,6
1481,10.62257790437904,20.209836982651417,6
1482,17.125948868791085,15.543506406348802,6
1483,25.73808448737427,-2.5337591147679888,4
1484,-21.727970917737906,13.248456661079308,9
1485,-7.339389063148737,10.46232112975912,1
1486,-6.401791601694116,11.722120880962834,5
1487,-5.738804691264417,24.324790116353412,0
1488,-24.928315061498314,11.082161424211503,9
1489,-3.842691149734016,11.01713969372273,5
1490,-11.620071705690087,-10.725637679569926,2
1491,-7.091920274805018,0.1696159298453027,8
1492,-14.387798920285476,-9.694122434515917,2
1493,-6.609353349395228,26.982147571050714,0
1494,-0.9894169888209852,20.704066020821635,0
1495,-7.724718196199066,14.104933104088392,1
1496,-4.611778471434842,-11.188427458222629,7
1497,14.460524848349833,20.70392186458283,6
1498,-20.506738484917946,3.260526754234445,3
1499,-6.515114988040171,-1.1257807383753713,2
1500,-8.573630798898687,-0.260270181733306,1
1501,-1.501687138837098,-13.593786130069635,7
1502,26.75080483308921,0.982236897825157,4
1503,14.132728614565435,17.975652486406815,6
1504,-22.02418550287248,0.9954267817751234,3
1505,-2.982747277976055,0.17915583159609394,1
1506,-21.333358342323006,6.349773210526813,3
1507,-19.08184864759902,13.21539395589616,9
1508,-7.345473556795884,6.206331531580457,1
1509,-2.353471806297651,-11.734061155566026,7
1510,14.665265956979324,18.65544536761844,6
1511,-5.714450527767076,-0.9391824360509757,8
1512,25.095016228012366,-4.1112982035037655,4
1513,-19.418669505587665,7.9356047861427355,3
1514,-5.258590561799557,14.220066451014933,1
1515,24.409427622948815,-4.991427991054213,4
1516,-2.4811851643728975,22.91519761002862,0
1517,-14.622671629522792,10.854149083865194,5
1518,-21.717041536820954,0.5340371685660579,3
1519,17.03061680249439,17.167208224752276,6
1520,-24.311253833799906,10.633799527332528,9
1521,18.412289850112522,13.48083059486204,6
1522,-7.611511181479124,4.408588015137734,1
1523,1.7155057149375563,-8.332537332812251,7
1524,-14.860485191866069,12.205952368201451,5
1525,26.747633544175873,0.030347905397280474,4
1526,18.592519836922925,-7.404418663385878,4
1527,-0.41410906305588485,-13.05419803933847,7
1528,-16.8938049454357,-11.108338926004029,2
1529,-0.8022441979530868,2.136166914256568,8
1530,-18.471245378832535,-8.396560746554405,2
1531,-11.102536750807479,-10.617283011974731,2
1532,-5.2968891982063955,11.869750501172184,5
1533,2.4155747942369654,-10.427787603337217,7
1534,-22.855108100435356,13.27499738971492,9
1535,-8.67734641594227,4.609373418351106,5
1536,27.00855041103949,-2.301932100251205,4
1537,1.3408659396993,-1.4568985235308065,8
1538,-3.4225210618058086,-8.750674658009874,8
1539,27.52298140756581,-5.502672845133006,4
1540,-16.71796035842909,4.5620772094808535,9
1541,-3.362228120484314,19.449764561532913,0
1542,2.934579000111936,-7.633208517095667,8
1543,-20.104079847130855,9.392460684509237,9
1544,-0.2383232191776742,-3.7118922733548727,8
1545,6.65895497431227,23.741219254412915,0
1546,9.918828750655203,-23.71163257460927,1
1547,-4.943498590011067,-6.348850301924733,2
1548,-16.62864272652044,-6.696496516283964,3
1549,22.253323540886655,-1.4443759822405613,4
1550,3.344928674581407,-8.724997053763053,5
1551,6.592966276337328,-4.520906520598302,6
1552,-7.210671813838106,-18.74286902676872,7
1553,9.86513326747358,-5.568725600375454,8
1554,0.5191420648698865,3.3239583121150424,9
1555,6.620386269779048,23.50193286341089,0
1556,9.359104269162406,-18.77322960164513,1
1557,-3.9371728028690356,2.857420166863108,2
1558,-17.5733201971543,-5.398845200151345,3
1559,24.079400246932806,-0.5207484869921029,4
1560,12.427994414031701,-7.512135289229265,5
1561,15.297735231970654,4.40702671536152,6
1562,-8.687128860163675,-5.33647782826576,9
1563,7.610082971069786,19.005225481048328,0
1564,17.278443370799934,-14.210468939785738,1
1565,-4.522419722543706,-6.712276722467882,2
1566,-23.249443435299906,-6.531307657192842,3
1567,20.519569363868918,-2.1368300529330675,4
1568,-0.01779330563842045,-11.056265340590492,5
1569,19.125024120048614,-4.636206921509124,6
1570,-8.076771423620281,-21.424535724473465,7
1571,2.4806816076690845,-5.391624719719826,8
1572,-5.764380653673697,-1.132007117188165,9
1573,20.092271593444874,4.6009430987086954,0
1574,-4.110608715711789,0.8014936454363942,9
1575,-3.1363516502983244,-19.94561096929,5
1576,0.6945443627759906,-7.606234098230453,5
1577,17.239124381301753,7.276147560456853,6
1578,7.7214211315056565,-10.170667111787553,5
1579,4.027627171093179,25.07950711132006,0
1580,0.8968001879029994,-11.685144444690664,9
1581,15.114053243186468,-6.613647965613406,8
1582,-7.248540850398879,-18.93631154412505,9
1583,3.8529012534430827,0.4105047329334927,8
1584,27.28696946152904,1.1807627884468994,4
1585,6.136386809473172,-25.560127206971345,1
1586,0.17640850536805008,-17.89492631231963,7
1587,-3.234611090410519,-14.721355232833382,7
1588,-16.505398155815833,-25.259281562662505,3
1589,1.5412309048596753,0.45637414103930823,5
1590,9.224608493441737,-23.02946011971253,1
1591,15.821782308073532,13.028720278434648,0
1592,0.43654582674399567,13.799039320742715,0
1593,-7.055195826295908,11.358651333402522,2
1594,-16.667616551652014,-11.012853277375314,2
1595,6.394900238961202,-8.018312130116835,7
1596,2.6581186452284675,-9.6877733363272,8
1597,-4.737477045193679,3.0157045601861276,2
1598,10.611388456922628,19.71387211730079,0
1599,16.20516470552345,-20.215552486723755,1
1600,-10.230716422128173,-5.025998261971031,2
1601,15.88212023624546,2.3829733872984074,6
1602,-11.995634487791465,-21.517234689038535,3
1603,-13.51326350373063,-27.49444528585192,3
1604,-7.090059767859606,-16.88908149594521,7
1605,-7.522382874214022,-20.73371517205482,3
1606,-13.933438512295801,-19.155650230554734,3
1607,16.13381691022102,-6.298399157946806,4
1608,21.31810703389874,6.956037332113785,6
1609,21.934608558211323,1.4990349134188385,6
1610,17.304199450395217,6.916309050071412,6
1611,-7.073426703683114,-17.963195851953614,4
1612,-0.9379839226215366,-2.1653949655991216,9
1613,14.345819215980853,-22.44823385775542,1
1614,1.7290650322114876,-12.899587980542325,5
1615,17.3560499804442,15.225572417712085,0
1616,-18.147930005043236,12.077000733955522,9
1617,7.931161386813498,-5.836155627075933,5
1618,-8.8851908235882,-1.0091683951041515,2
1619,2.6135520327112607,-7.799122027599318,8
1620,2.37707399361464,28.79616970784027,0
1621,10.419132471562138,-22.697436645699614,1
1622,0.014930794340466175,-17.88447817554687,7
1623,15.60780370193831,6.381936027581007,6
1624,-22.661380969265558,-9.373794710184573,3
1625,-9.158410643001462,-9.14591864649005,2
1626,4.721348069239123,-22.459188592949356,1
1627,1.5448715338628598,-14.1446275086267,7
1628,-1.208366973759021,-17.00737847121084,4
1629,14.401149146831088,1.8583220548650485,6
1630,-16.805776280992948,-2.4969154754338794,3
1631,7.401562972366831,-26.31133549430675,1
1632,-13.606253299523793,-5.152124175763988,3
1633,0.39811663988521645,-13.463715263592198,9
1634,8.78064208234989,-25.798826689594108,1
1635,-9.182532714618318,-15.876185698702276,7
1636,19.187861681559976,6.843364005758543,6
1637,7.786171654666052,-0.9131112300246793,8
1638,28.290251973853948,4.315852681155696,4
1639,-20.619035183077873,-5.402163709444447,3
1640,6.249831205334783,-26.507496143566737,1
1641,26.282895429847464,-3.037676640655696,4
1642,11.187548240521906,20.785739327723245,0
1643,4.572447250651189,-11.492527829528406,5
1644,-19.67959540975218,-0.10926114942255848,3
1645,17.86730922246492,-1.833128477550326,6
1646,-18.9459809363272,12.72125918523041,9
1647,21.155067422759384,-1.8241874922443178,6
1648,5.071090651198298,-24.19125075225759,1
1649,8.59149190167421,-18.300167812935296,7
1650,-0.5446134421004191,-16.525237060527193,5
1651,23.754026746645955,0.13950457088494433,4
1652,16.484075711285307,-9.761889105107812,4
1653,4.512887393648149,-19.188303535147497,7
1654,-2.712294744919124,-6.866315624259626,2
1655,-14.610995820090903,-2.6192911582512557,2
1656,9.90538821871522,-6.088600539663209,5
1657,-2.2148886073360807,-13.303965364557275,7
1658,-12.417200696306924,0.7946895463022693,9
1659,8.814113530251445,-11.412753294815019,5
1660,-7.765942488442069,-13.9753053859612,4
1661,26.67571195788323,0.749868094284479,4
1662,-1.7822262362777077,-15.464904947733611,9
1663,2.598686076184959,20.94702189722517,0
1664,8.807136149560076,-9.227242612787046,8
1665,0.511744421223878,-15.777878466428614,9
1666,9.607116461529834,-11.485153666321951,8
1667,-2.48152593833137,21.233821691746655,0
1668,10.90800160068649,-9.195757087233678,1
1669,-12.851701152217764,-8.221019484167275,2
1670,-6.4581613509849385,2.180814827856716,3
1671,14.14084031734698,-2.87528374470411,4
1672,-5.7109115784153675,8.73056107842814,5
1673,20.420800043235353,11.349754511367511,6
1674,-3.0356755573951886,-21.768402224210867,7
1675,-10.378177321139807,-3.2515180920708864,8
1676,-22.155162315497677,12.470573939346572,9
1677,0.018643965148470935,23.56088483101169,0
1678,16.22666313582215,-17.055344141210938,1
1679,-0.9857234980307393,-10.68022969172275,2
1680,-8.23150675434921,-13.91971868654431,3
1681,29.09622849185434,4.458706710237028,4
1682,1.283317095404651,3.2044159849322096,5
1683,15.968988445853364,15.208597133058277,6
1684,8.700766408164032,-13.27343256610265,7
1685,-0.7809302872699249,-9.767267069531197,8
1686,-19.496367908134125,12.570267977396771,9
1687,2.3840628375373774,20.721480261189377,0
1688,11.680322337163,-10.294422658355066,1
1689,-7.954951661494021,-10.934599793993996,2
1690,-4.7346856166722215,-4.67397953464868,3
1691,27.788175271653937,5.314843707796985,4
1692,8.079394524237433,8.660270277697714,5
1693,21.568300452314958,12.571208361195781,6
1694,-0.022923811138712908,-23.097497721534335,7
1695,-5.235512571019936,-0.7839885290999803,8
1696,-16.795584842678764,12.317531186205622,9
1697,-0.03312971487002861,23.813151474742096,0
1698,-16.52884965559225,11.985916181192398,9
1699,2.9152120840472575,1.704926903938195,5
1700,1.1227201484314944,1.2824488793100006,5
1701,16.058349025385706,16.048720841395028,6
1702,-2.6193023582569066,-2.6309007900636323,5
1703,10.328371844515093,20.23365670535493,0
1704,-21.67465925735866,7.923482482566127,9
1705,0.43789988143059577,5.283832119328345,8
1706,-23.12408959533293,12.81662161144249,9
1707,-0.6220663084140593,-9.238992119719045,8
1708,27.10401618484265,2.1720613233904387,4
1709,9.024587289699653,-12.333027273016707,1
1710,4.665305100316708,-14.435903711481828,7
1711,3.757796997339397,-15.899133917139734,7
1712,-3.792887561652051,-21.45169649733633,3
1713,2.1572738127863613,4.7930216525334,5
1714,10.694648519935866,-20.307622921768587,1
1715,1.0262188257589244,18.43383390007563,0
1716,3.4868776237959493,23.124350053727344,0
1717,-5.889382069802551,3.231251475094879,2
1718,-11.204180346169004,-9.872402274878446,2
1719,4.5027871734405505,-18.103348727548504,7
1720,-6.76536304194352,-11.749644186129524,8
1721,-7.0673790354001005,-2.6945522764931695,2
1722,9.57996360869633,10.590816525751604,0
1723,10.310683701673778,-16.026039034547377,1
1724,-4.264144484757083,-2.7052915585535766,2
1725,19.620838117566077,13.142981468882747,6
1726,-8.883616969471618,-11.842595193904142,3
1727,-4.94648216477397,-15.44753749004848,3
1728,4.254976339629945,-17.293413550479446,7
1729,-0.02775878651825533,7.835522746918888,3
1730,-7.993881606127052,-15.34679883111505,3
1731,28.997187785786316,-0.24447448840349173,4
1732,20.808549112526876,7.681944827609786,6
1733,17.608161759990143,11.89575771549361,6
1734,13.13569725908752,21.842971815367715,6
1735,25.159462288781697,0.19775359077553356,4
1736,-18.072520346489952,15.33156171051046,9
1737,10.23064682460998,-18.49326296265076,1
1738,-3.6880191686185286,5.371967666475496,5
1739,1.8138757495766495,16.888432478984743,0
1740,-20.00551097889803,10.245274881410237,9
1741,6.717144046714392,12.074898172567115,5
1742,-10.19336485905214,-13.090205989967584,2
1743,-0.16985203062372442,-1.4959623247284681,8
1744,-14.558682376131905,-9.79386541631087,2
1745,4.095455936974818,18.320303985911654,0
1746,-1.4580182671811592,18.03140729554768,0
1747,12.80323466266145,-11.286826534964504,1
1748,11.014505304988319,-15.774929310894636,7
1749,22.851715357359605,10.054288987514976,6
1750,-15.478903915762354,-16.0592852629788,3
1751,-9.518631208310893,-8.611979626617094,2
1752,1.8984777872610363,-18.37612294818615,1
1753,12.668024151200932,-18.97901877173476,7
1754,23.60662759666446,6.0893088330780065,4
1755,24.113806068658114,6.089257903376365,6
1756,-19.837536638276035,-7.853118370195169,3
1757,4.532752255155449,-22.648770266401947,1
1758,-10.962862443677984,-1.074462644593235,3
1759,-19.148650613231197,12.68731251753856,9
1760,17.159716004240124,-14.905555028660208,1
1761,-0.6329844843199425,-20.7991205530708,7
1762,17.548820446240022,14.478922915604972,6
1763,0.19231470639241072,-12.032702510461938,8
1764,28.4357255589198,12.25440965974609,4
1765,-1.459033475273129,-3.6916284514759123,3
1766,12.558760242258028,-13.14406000690477,1
1767,23.603391328546238,3.410684116395773,4
1768,10.041811002004462,17.004883531353133,0
1769,-8.393397944525109,12.76749543616407,5
1770,-18.681259636221437,-3.6642975902144683,3
1771,24.4351792387794,0.5794414046127062,6
1772,-19.232584925537648,5.13140668206367,9
1773,15.891462133812384,17.010225014680532,6
1774,10.504040203608296,-14.139550155462654,1
1775,-3.1230609027788194,-23.70671459091402,7
1776,-0.9160646982050965,10.028630588679134,5
1777,20.23082681648792,2.3701743942585645,4
1778,26.803277868622697,2.2324785276491745,4
1779,3.3489912884263324,-19.373977078029718,7
1780,-10.178755214052794,-10.063056347026592,2
1781,0.30470649445472503,-0.5014202906303,8
1782,-6.84857414233705,-11.77385445249531,2
1783,-7.86685161627734,-7.597504883367941,2
1784,1.5771026923221794,11.487581191937126,5
1785,3.886734184884136,-18.74727865992838,7
1786,-16.654893553941104,7.94185740623632,9
1787,-3.9724562512097257,14.027018338171043,5
1788,28.18120403202173,7.782529485858721,4
1789,3.553316858390556,-17.97223090577485,8
1790,0.1346652953070383,-18.647258214648385,8
1791,31.700126999117018,2.7835628670936363,4
1792,-14.60663028568316,13.34412434999869,9
1793,6.464574762985134,20.567298438660004,0
1794,10.801278246326063,-6.960252186582243,8
1795,-4.8721022594263115,12.423952844145292,9
1796,-0.34439636804165763,6.365548829148918,8
