,comp1,comp2,comp3,label
0,0.5490824,15.645605,-2.9569647,0
1,7.8914714,-1.6470242,0.66175675,1
2,0.659517,-6.922609,8.042098,2
3,-10.706234,-2.739203,-0.2636022,3
4,13.158115,1.9354845,-5.4112787,4
5,-11.451413,3.2532876,-2.3883452,5
6,5.0178285,3.4065065,10.338429,6
7,2.8273578,-13.501646,-4.6823325,7
8,-2.4307647,-3.1607342,3.5907242,8
9,-6.419412,3.486517,-1.3834035,9
10,0.19486064,12.404014,-2.6373007,0
11,6.9372745,-0.5246368,-2.4246128,1
12,-4.367316,-3.5003266,15.582851,2
13,-11.118442,-7.3027887,1.3681239,3
14,13.228891,-0.7381472,-6.7531486,4
15,-1.4800665,3.238758,-14.945084,5
16,2.9523551,5.89026,12.490895,6
17,-0.3128784,-12.551513,-9.859328,7
18,-0.4500745,-7.932935,1.6847172,8
19,-13.129827,2.8709214,-0.7254989,9
20,5.803063,14.804628,-2.5922778,0
21,6.082415,0.31536666,-2.0043836,1
22,-3.0334063,-5.1864715,14.473963,2
23,-11.594159,-10.132019,0.97729677,3
24,12.3696785,0.6284333,-4.7032914,4
25,1.5283384,4.260838,-12.806326,5
26,5.618367,3.1469343,10.312288,6
27,3.0198143,-11.915322,-10.44452,7
28,-0.9247919,-5.8734426,3.5884151,8
29,-12.723859,2.84702,-1.1827699,9
30,1.9618695,14.617439,-5.552395,0
31,-13.248851,3.0968134,-0.4160128,9
32,-4.230457,3.395219,-12.837062,5
33,-0.736524,1.4808184,-11.367003,5
34,2.5093029,5.0642223,11.417131,6
35,-0.67510414,1.568751,-11.312951,5
36,5.0460835,13.63284,-4.0103183,0
37,-12.60761,1.5482334,-1.78651,9
38,1.1063236,-8.3331785,0.57846797,8
39,-12.294549,6.8428655,-1.2920632,9
40,-0.99748534,-6.4883265,3.2411594,8
41,13.759799,-1.3676797,-6.9717126,4
42,7.530231,-0.20478344,-1.7201666,1
43,2.1185095,-12.386563,-10.36025,7
44,2.162111,-13.912867,-5.078886,7
45,-11.453265,-7.455144,3.9690497,3
46,0.23970161,1.6141424,-11.532426,5
47,6.982232,0.6022892,-0.69673485,1
48,0.82055223,13.060652,-0.08965228,0
49,2.9607363,14.998338,1.0255873,0
50,-0.21034937,-7.2386856,8.50435,2
51,0.8536432,-7.583049,8.122782,2
52,2.458124,-12.014074,-9.340635,7
53,1.1250641,-5.561571,3.5166557,8
54,0.985067,-7.6786523,8.093454,2
55,6.3126616,14.376189,-2.0030403,0
56,6.858814,0.7243304,-1.3445251,1
57,0.7313612,-7.0503535,8.045991,2
58,5.877366,3.98029,10.4249325,6
59,-9.386668,-7.8632383,1.5298332,3
60,-11.305997,-7.6756415,3.6651244,3
61,0.029596515,-12.668776,-9.936468,7
62,-11.46396,-8.294918,3.203443,3
63,-9.862444,-8.944412,2.4868348,3
64,14.251661,0.29160106,-5.7302914,4
65,4.87175,6.298721,11.041363,6
66,5.4923644,3.7781308,10.721307,6
67,9.025956,5.5401826,11.84836,6
68,13.446084,-2.3672938,-10.206273,4
69,-0.43211988,-10.856383,-1.6914021,9
70,6.7779574,0.7270516,-0.04038591,1
71,-4.312753,3.699238,-13.301954,5
72,5.8745985,14.904031,-1.1808751,0
73,-12.071487,3.1987247,-1.7682601,9
74,-1.201728,4.309383,-10.253274,5
75,1.1554179,-7.6970005,8.04239,2
76,1.5397186,-5.544082,0.82259905,8
77,1.4057864,-7.8959875,7.9853997,2
78,2.4291995,17.036253,1.4587984,0
79,3.0060067,16.668915,-0.35832787,0
80,7.0453544,1.0370151,-1.3109843,1
81,1.4985192,-13.602357,-6.852612,7
82,5.2813773,3.4590745,10.58135,6
83,-11.107262,-9.768374,2.73422,3
84,-0.90145683,-7.4176226,17.447268,2
85,7.6964602,-0.71624905,-0.5226477,1
86,2.0107172,-11.126596,-11.224623,7
87,11.458902,-4.2481527,-6.758549,4
88,4.018461,4.377043,10.617312,6
89,-11.446913,-8.626577,2.8121572,3
90,7.6243925,-0.30574715,-1.7196692,1
91,-9.749062,-9.502773,1.9361943,3
92,-12.306648,6.677044,-2.722789,9
93,7.862462,-1.4929333,0.5676377,1
94,-1.8442286,-12.258569,-8.70069,7
95,4.896197,2.1419268,9.568455,6
96,1.063438,-7.7310834,1.354643,8
97,12.885025,0.43339574,-5.111204,4
98,-10.140062,-9.579991,2.5041757,3
99,8.067132,-3.4775481,5.4856296,1
100,12.937582,0.76413995,-5.094005,4
101,5.6958385,14.429714,0.15646048,0
102,-1.2817746,4.506734,-11.473236,5
103,-5.4368196,-9.865246,-0.37030986,3
104,6.0187435,3.0477653,8.346706,6
105,-13.112574,4.207637,-0.4270472,9
106,3.8181255,2.6403928,10.5984335,6
107,7.458563,-0.2502787,-3.1079924,1
108,1.1565021,-12.5055,-10.27611,7
109,0.034210384,3.8513856,-12.670099,5
110,14.034303,-3.4240797,-10.285971,4
111,13.711728,-2.5710747,-9.793293,4
112,0.4420964,-13.429549,-7.9331985,7
113,-2.559594,-5.2787824,12.863411,2
114,1.1001649,-4.662489,2.2120895,8
115,0.14171696,-7.391042,8.366726,2
116,-0.38992977,-7.2619057,8.608229,2
117,0.13491848,2.0876334,-14.379155,5
118,0.7297003,-12.390569,-8.183779,7
119,-13.00425,4.0532575,0.7312758,9
120,-0.6187945,1.8598751,-10.852015,5
121,11.609056,-4.216707,-6.8678493,4
122,-0.96142304,-7.992862,3.249576,8
123,-0.9276046,-4.7974987,5.0430055,8
124,13.948558,-1.4894724,-7.2620797,4
125,-9.344766,4.7309074,-4.301545,9
126,5.719536,14.582726,-1.2650311,0
127,1.3404839,-8.456667,0.4816751,8
128,-10.748389,9.264417,-2.706802,9
129,8.649038,-3.0086234,3.4879167,8
130,1.9545746,14.754131,-1.2680413,0
131,6.06619,1.4772563,-4.41151,1
132,-0.39076802,-7.5966334,15.793746,2
133,-10.641242,-10.60694,2.3288403,3
134,11.3552685,-3.43296,-2.3113675,4
135,1.1826085,2.4518034,-14.197697,5
136,7.9710402,7.1382504,9.132341,6
137,-1.8537213,-13.880816,-8.1649885,7
138,-1.5057666,-4.7029777,2.9122014,8
139,-11.938171,4.3368363,-0.5814083,9
140,4.7049932,16.350653,-2.9848626,0
141,7.129239,-0.09068504,-3.4863644,1
142,-0.12350755,-8.483744,14.634768,2
143,-11.897403,-8.462398,3.0541203,3
144,11.922762,-3.174334,-1.6932546,4
145,-1.041911,1.6868699,-13.933905,5
146,2.623722,7.360773,10.165107,6
147,-2.0056195,-14.245926,-8.191166,7
148,0.023850072,-3.080174,2.618752,8
149,-11.294392,4.23479,-2.3877776,9
150,4.930493,14.794628,0.30615062,0
151,6.951399,0.33461732,-4.2733707,1
152,-4.6724153,-7.0999007,12.276622,2
153,-11.181493,-10.122618,1.6785607,3
154,12.492774,-2.2239811,-2.519132,4
155,3.334987,3.5039067,-15.578266,5
156,4.361905,4.5973473,10.559001,6
157,-1.2033093,-16.059875,-6.60148,7
158,0.729615,-5.3828125,5.0619783,8
159,-11.655452,4.278812,-1.2558253,9
160,4.4678707,14.059773,-4.096254,0
161,-12.441156,4.213334,-1.4684604,9
162,-0.11813501,2.2658606,-13.80885,5
163,2.5778916,3.1519618,-15.366631,5
164,9.137717,6.224311,10.813106,6
165,1.9912786,2.4438004,-14.822103,5
166,3.3133233,15.366144,-3.9261096,0
167,-11.539477,3.4854484,1.5054616,9
168,-1.3626982,-4.806505,2.928827,8
169,-12.18557,4.345525,-0.2893271,9
170,-4.0168777,-7.3640575,2.5619526,8
171,12.710116,-2.671234,-0.9663071,4
172,5.8377476,0.24983908,-3.3015583,1
173,2.775472,-11.293805,-8.500101,7
174,0.13669758,-10.170331,-9.130225,7
175,-10.115708,-8.422249,1.079981,3
176,0.19660671,2.8118303,-13.47013,5
177,6.604698,0.514247,-4.224429,1
178,3.5380511,17.13541,-0.019596899,0
179,6.3744855,13.799703,-1.489211,0
180,-0.36053148,-6.3921695,13.927785,2
181,-0.44013393,-8.113782,14.428351,2
182,-1.0390253,-14.053622,-7.371246,7
183,-1.4701118,-4.116608,4.2255983,8
184,0.68746704,-7.1164184,17.670431,2
185,6.0033083,14.603268,-1.4897952,0
186,5.639885,0.43967286,-2.678705,1
187,-0.20873028,-5.287125,15.3269,2
188,7.9368286,5.122179,10.564916,6
189,-12.222923,-8.503361,2.9790723,3
190,-10.916691,-9.330992,3.846002,3
191,-2.4268544,-16.698904,-6.0684404,7
192,-12.240482,-10.17459,1.6940304,3
193,-10.698675,-8.839174,3.6078134,3
194,13.89582,-1.6255182,-2.1257412,4
195,4.09758,5.0964966,10.078415,6
196,7.870053,5.054685,10.747819,6
197,8.490094,6.2341223,10.250912,6
198,13.534323,-1.8330864,-0.59887534,4
199,-10.494984,3.723145,-1.905209,9
200,7.6145654,-0.85311294,-2.7507312,1
201,0.7572866,2.8666365,-13.739714,5
202,4.4488163,15.686635,-1.0372651,0
203,-8.863676,4.2504597,-2.5638115,9
204,3.2149131,3.1310492,-15.699431,5
205,-4.6753616,-7.099174,11.922679,2
206,-3.919191,-7.167941,2.4722393,8
207,-0.6638695,-6.9369097,14.246159,2
208,6.145491,13.923329,-2.4679391,0
209,5.863084,14.748907,-0.20883457,0
210,6.069714,0.25579008,-3.3283255,1
211,-0.49474448,-13.681104,-2.8290584,7
212,8.899662,5.296343,11.553829,6
213,-11.057762,-9.744512,2.7722683,3
214,-0.40921262,-7.4585376,15.243222,2
215,8.039634,-1.4640187,-3.1182,1
216,-2.41543,-16.24045,-6.354311,7
217,-11.076338,-9.881928,3.0926645,3
218,7.0001483,0.26877213,-4.3089743,1
219,-10.503282,-9.147826,3.0460804,3
220,-8.291003,4.5859566,-2.316128,9
221,5.7617474,-0.7897553,-2.2619944,1
222,1.8130869,-11.609601,-7.37236,7
223,3.334757,5.127305,11.859275,6
224,-1.0265176,-3.4053426,5.7895617,8
225,12.355828,-2.8267076,-1.462201,4
226,-11.740054,-10.314584,1.9492669,3
227,7.2104683,-0.7320898,-2.676352,1
228,12.3404455,-2.602428,-1.6812608,4
229,2.9773982,16.802582,-1.1101968,0
230,2.1465063,2.0701582,-14.430813,5
231,-11.765344,-10.506005,0.5857506,3
232,4.4441915,7.7446494,8.136083,6
233,-11.78782,4.020711,-1.9160577,9
234,7.1495557,10.076926,9.553816,6
235,5.800566,-0.90656066,-2.6129274,1
236,-0.51901436,-15.639879,-6.4227257,7
237,2.275082,2.713637,-13.937501,5
238,13.5832405,-1.8202184,-0.6942307,4
239,12.281817,-1.8490369,-1.8987174,4
240,-2.2501233,-16.04308,-6.6954665,7
241,0.9356011,-7.1041303,17.783976,2
242,0.52555645,-5.039675,4.4192266,8
243,1.0765848,-7.3471413,17.650099,2
244,-0.21716565,-6.2112923,13.847482,2
245,2.4426317,2.2769716,-14.595232,5
246,1.7228916,2.2717395,-13.460874,5
247,11.954158,-1.2048514,-2.140985,4
248,-0.35579976,-4.24625,4.3085017,8
249,-1.0478745,-4.418329,4.7926326,8
250,11.972307,-3.0888076,-1.7536204,4
251,-6.447551,3.9308636,-0.69014436,9
252,4.7823467,14.842589,-1.0568423,0
253,-0.97686553,-3.5883822,5.928479,8
254,-7.8559327,3.565915,-1.1180904,9
255,0.81542695,-4.5151296,2.3107517,8
256,0.9931296,12.702971,-3.5829217,0
257,6.63671,-4.7060914,3.253454,1
258,-3.1407933,-8.422962,15.726451,2
259,-10.542937,-2.5318813,-0.5186559,3
260,13.630209,-2.7867002,-9.427672,4
261,-6.5382066,2.6819267,-10.483612,5
262,7.929451,8.801877,10.073806,6
263,3.1691291,-11.267401,-7.2069135,7
264,-2.9558485,0.050361127,1.4893197,8
265,0.074943595,-4.9690576,-6.091788,9
266,2.4987433,16.68245,-2.1599765,0
267,6.794802,-4.1527176,0.39085513,1
268,-2.8174164,-8.020827,15.76024,2
269,-12.175585,-5.5233736,-1.4454585,3
270,13.571472,-2.9792655,-7.6601377,4
271,-0.4283274,1.0153638,-14.650158,5
272,7.062017,7.8291197,10.572924,6
273,-0.045947097,-13.797027,-6.320455,7
274,-0.4843154,-5.6284094,-0.45733762,8
275,0.8482079,-5.641219,-5.63697,9
276,0.6431873,13.532703,-2.3701627,0
277,6.1212935,-4.24131,1.3181504,1
278,-2.214877,-9.33278,15.305271,2
279,-12.490209,-3.993675,2.329893,3
280,14.902087,-3.8411877,-8.831439,4
281,-4.802054,3.7245908,-11.017778,5
282,9.365812,6.2805223,11.1958885,6
283,-0.719548,-9.727506,-11.4596615,7
284,-0.30874157,-5.28161,-0.69465464,8
285,-10.87175,7.311624,-0.98162305,9
286,0.2192094,12.648606,-3.823269,0
287,-12.190671,3.8515584,1.5419294,9
288,-5.850871,3.0817533,-11.399414,5
289,-3.8646972,4.5202365,-8.1728325,5
290,5.7292223,7.303177,11.1431875,6
291,-6.0071187,3.3631601,-6.3415723,5
292,0.16878316,13.382163,-5.086742,0
293,-7.369612,6.2997026,-2.374995,9
294,-1.298636,-1.3768057,3.9716496,8
295,-9.540024,5.7387247,2.7744224,9
296,-1.3684226,-1.3165444,3.352983,8
297,15.6491375,-0.9215689,-7.7606072,4
298,6.2979746,-3.2393692,5.9035344,1
299,-0.98728263,-13.690747,-5.911751,7
300,0.10590008,-9.449324,-9.698994,7
301,-12.5725975,-5.8714066,-1.0444217,3
302,-5.9946856,2.9248261,-11.722302,5
303,5.17543,-5.765056,5.726431,1
304,0.647893,13.129457,-0.05796762,0
305,0.13196725,13.741805,-0.8606843,0
306,-0.81883943,-9.343464,16.379576,2
307,-1.245324,-8.405987,14.529112,2
308,2.2171793,-10.193271,-9.214732,7
309,-2.4994812,1.0813128,0.34448525,8
310,-3.082212,-8.01774,15.202195,2
311,0.2929539,13.604793,-1.4016039,0
312,7.927268,-1.3303422,-3.0155668,1
313,-2.233181,-8.311656,16.306149,2
314,8.639086,9.353745,8.130371,6
315,-10.583522,-4.1866527,-1.5928061,3
316,-12.743759,-6.712684,-0.36954394,3
317,0.25898057,-9.355712,-11.295605,7
318,-11.982685,-4.7196045,-0.25300622,3
319,-11.592699,-4.9930463,-0.6009532,3
320,15.004507,-2.8503616,-8.276279,4
321,8.061085,7.7428718,12.746118,6
322,7.9440536,7.7841983,12.69619,6
323,5.4824533,7.8491096,12.959555,6
324,15.810633,-3.745066,-8.660545,4
325,0.9055321,-4.936366,-6.1670914,9
326,7.2917533,-4.281707,4.3226404,1
327,-2.0837822,5.035874,-15.306363,5
328,1.595105,13.896131,-2.402989,0
329,0.8109262,-5.5612125,-5.7074885,9
330,-5.818974,3.3516722,-11.586735,5
331,-2.7187557,-8.163413,14.857296,2
332,-2.4260626,-0.35862786,2.0966218,8
333,-1.2213444,-9.627773,15.69282,2
334,0.0535763,12.713864,-2.1299882,0
335,1.2912216,14.0562725,-3.0244842,0
336,6.6477904,-4.479492,1.017198,1
337,-1.4272783,-11.885472,-9.542865,7
338,4.154469,5.479575,12.29926,6
339,-12.245228,-5.5878043,-1.1276959,3
340,-1.59612,-9.13446,14.644291,2
341,6.711994,-4.316281,0.61099946,1
342,-1.5191517,-12.401366,-9.297459,7
343,13.731917,-3.066674,-7.586306,4
344,8.5982275,8.934293,9.642943,6
345,-11.472205,-6.5125227,0.7564466,3
346,6.69513,-5.5881624,3.3341913,1
347,-10.022426,-4.120661,-1.1570837,3
348,0.4599754,-5.1377244,-6.030011,9
349,8.378079,-5.3324404,5.7040887,1
350,-2.255526,-14.633689,-6.831415,7
351,5.7113624,7.604592,11.06233,6
352,-1.2727933,-4.4936757,1.6063904,8
353,16.489614,-0.5350329,-7.1594615,4
354,-9.748291,-4.2582994,-1.3319441,3
355,8.25274,-7.0276284,4.073916,1
356,12.449617,-4.030068,-8.8030815,4
357,2.1798742,13.898726,0.40551051,0
358,-6.627763,3.5798535,-10.336988,5
359,-12.383735,-3.825061,2.5759947,3
360,7.6636734,7.6246486,10.707624,6
361,0.89624625,-5.2671733,-5.903296,9
362,8.143281,7.5874605,13.289961,6
363,6.1832275,-1.9578335,5.138869,1
364,-1.9016247,-15.920366,-7.536645,7
365,-3.475142,3.7220364,-11.792865,5
366,17.576138,0.5558127,-5.934023,4
367,14.61857,-1.5127829,-8.528729,4
368,-1.4570792,-12.38282,-9.200506,7
369,-2.9817593,-9.131345,15.354923,2
370,-1.9483162,-1.4283448,2.5012531,8
371,-1.1678487,-9.790308,15.684407,2
372,-2.1326494,-7.5860553,16.562609,2
373,-4.8071537,3.4933555,-8.573228,5
374,0.517569,-10.897637,-10.099226,7
375,3.5437188,-1.6662201,-6.6615143,9
376,1.0839064,1.7149017,-15.661402,5
377,15.430223,-3.1948025,-8.38747,4
378,-5.2706785,-1.3823607,1.4699963,8
379,-1.2203934,-0.9144032,3.1959152,8
380,13.746117,-1.3570001,-7.2615957,4
381,4.2079926,-1.2996624,-6.708268,9
382,1.9145697,14.764577,0.17159885,0
383,-0.24332142,-5.3572235,-0.35878146,8
384,0.52665746,-4.997906,-6.194718,9
385,-10.188877,-6.952665,0.99211144,3
386,3.6071188,17.989353,-1.0950085,0
387,5.18374,2.2304716,-3.0713665,1
388,-3.8917782,-4.198372,15.486615,2
389,-12.068589,-7.2036843,-0.17521058,3
390,14.15328,-1.5869441,-1.461658,4
391,-4.5866556,1.3075798,-11.86987,5
392,4.077849,7.1436024,7.322079,6
393,-0.30918238,-5.5222836,-9.246843,7
394,-1.9115851,-0.43537712,-0.88437635,8
395,-11.923153,6.831775,-2.7172089,9
396,3.2929592,16.631027,-1.4121588,0
397,5.044608,0.42881367,-0.47009006,1
398,-5.706557,-3.6090243,16.406918,2
399,-11.075892,-0.86045754,-1.1240194,3
400,15.307876,-3.5169358,-3.517487,4
401,-2.652003,1.4358199,-11.311723,5
402,3.2731311,7.2218633,6.7839265,6
403,-0.031990062,-5.306081,-9.350544,7
404,-1.2213182,-5.7116776,1.8283192,8
405,-10.591385,3.552138,2.0038524,9
406,4.383519,15.458353,-0.92047924,0
407,5.1055837,0.030283393,-1.79677,1
408,-2.6481955,-3.885205,16.690628,2
409,-12.69549,-0.2638569,2.1709893,3
410,13.525618,-1.8891523,-2.684554,4
411,-2.8959665,1.4613502,-11.31788,5
412,2.4733613,7.037686,8.030776,6
413,0.1999872,-5.1710234,-9.524056,7
414,-0.28614292,1.5031544,0.57171977,8
415,-10.618768,3.538735,1.9944191,9
416,4.4810367,16.151974,-3.7241416,0
417,-6.8103046,3.5670142,0.54422957,9
418,-5.0087004,1.0673409,-11.821508,5
419,-2.8854027,2.0723379,-10.90076,5
420,2.5952737,7.552672,6.871547,6
421,-5.6284065,0.39593962,-11.814223,5
422,3.5010087,17.913435,-1.9050753,0
423,-6.886884,3.5661056,0.6793564,9
424,-1.1222153,-0.7846953,0.823463,8
425,-9.248378,5.1947494,0.46208704,9
426,-2.2561064,-1.2863165,0.2733587,8
427,12.578263,-2.0340726,-4.040448,4
428,5.724318,0.86720264,-1.9845593,1
429,0.48323938,-5.0311217,-9.481496,7
430,-1.4127626,-6.294752,-8.942796,7
431,-10.643049,-0.87922895,-0.06095201,3
432,-3.2683082,0.9936476,-11.200074,5
433,5.3614283,0.5564812,-0.23983242,1
434,3.1119573,16.229895,-0.041801807,0
435,3.7687056,15.077574,-0.28815442,0
436,-5.4941874,-3.5063,16.507977,2
437,-4.40077,-5.1470704,16.539879,2
438,-0.1307471,-5.3920045,-9.264376,7
439,-2.0542474,1.300793,-0.8629467,8
440,-5.131902,-4.9843454,16.632511,2
441,-0.559163,16.48269,-0.9176377,0
442,-0.15633905,0.78090334,18.057924,1
443,-6.16287,-3.8600106,16.43099,2
444,8.25334,8.592591,7.162753,6
445,-10.358785,-0.54962045,0.3165574,3
446,-10.237446,-0.80506194,-1.1091294,3
447,0.6486556,-4.969656,-9.783588,7
448,-10.451678,-0.65796053,0.056548756,3
449,-10.575173,-0.9522863,-1.4859049,3
450,14.568576,-2.6098444,-3.18936,4
451,2.4799888,7.0493946,8.2536,6
452,3.5896719,7.1392713,7.102878,6
453,2.2829425,7.010012,8.198251,6
454,13.498878,-1.4517361,-2.6033692,4
455,-9.028042,5.5356317,0.061077993,9
456,5.7892942,0.67690814,-1.9438229,1
457,-6.5196877,4.3556895,-12.818681,5
458,3.5259478,15.55256,-3.8405223,0
459,-6.9671197,3.6149116,0.7215489,9
460,-2.9007545,2.143447,-10.946723,5
461,-4.1269813,-3.4692945,16.412329,2
462,-2.2134717,-1.6203191,-0.40440795,8
463,-2.2634764,-5.3304963,15.977011,2
464,0.27636245,16.580359,-1.8858814,0
465,3.9705496,16.312984,0.71608925,0
466,5.7501326,0.2511597,-0.024077665,1
467,0.6139914,-4.961487,-9.695607,7
468,4.9383593,5.1756577,9.109773,6
469,-10.636138,-1.0830824,-1.1141443,3
470,-0.99416316,-4.7308474,16.96514,2
471,5.9957743,-0.39699218,0.0046935887,1
472,-1.0912567,-6.0448875,-9.036653,7
473,12.1414,0.2586576,-4.2264895,4
474,1.7604786,7.699133,9.047603,6
475,-10.729653,-1.3059697,-1.5482235,3
476,6.9358163,0.24685039,-1.6670786,1
477,-10.966185,-2.2128496,-2.3082018,3
478,-8.687508,4.0940313,0.28541458,9
479,4.9343343,0.38967305,-1.0855635,1
480,0.21614078,-4.878506,-7.3011603,7
481,1.815415,8.092386,7.8322396,6
482,-3.5606115,-0.14381573,3.2765353,8
483,14.791318,-2.5835533,-3.0671935,4
484,-10.924189,-2.362687,-1.7500758,3
485,5.0365868,0.54660356,-0.61081797,1
486,13.479804,-2.2225597,-3.199812,4
487,4.84155,17.210648,-1.2641977,0
488,-4.1011505,2.2098172,-12.447599,5
489,-11.016307,-0.43333858,-1.7867825,3
490,3.1141798,6.9441304,8.530546,6
491,-6.902845,3.5377939,0.8112586,9
492,6.076638,2.6606958,7.3275437,6
493,5.2336946,0.63355666,-1.9747972,1
494,0.41712177,-5.1127925,-9.709033,7
495,-2.7249722,1.9979603,-11.133611,5
496,12.08641,-0.23565802,-3.9612925,4
497,13.150346,-0.95023537,-3.0872924,4
498,0.08789135,-5.1633015,-9.349096,7
499,-1.8535234,-5.5645847,16.127327,2
500,-2.161783,0.8057842,2.372347,8
501,-2.4491553,-4.4401474,16.922129,2
502,-0.020246008,-6.739862,8.241869,2
503,0.057217035,3.8962257,-13.764418,5
504,-0.9460501,-5.9334817,-9.061704,7
505,-8.818794,4.3514485,0.51889145,9
506,-2.9597669,1.1865826,-10.512473,5
507,12.348318,-0.08265863,-4.208637,4
508,-1.383317,-4.972523,1.914435,8
509,-0.48790544,-4.561049,2.0966427,8
510,14.057631,-1.6307249,-1.2333648,4
511,-9.772425,8.988914,-3.2493813,9
512,-0.31600514,14.5392685,-1.4890963,0
513,-1.3795772,-0.587837,1.5709804,8
514,-8.717619,4.533053,0.37330493,9
515,-1.9222261,-0.99701774,0.27148765,8
516,-1.838138,15.098206,-2.8034072,0
517,-0.410399,2.0495782,17.193554,1
518,-6.887481,-4.1269016,13.342142,2
519,-9.521577,-0.48491657,4.93428,3
520,15.1742735,-5.8685436,-6.190915,4
521,-6.820638,5.5445013,-12.0678,5
522,5.301699,5.7071266,8.489462,6
523,-0.41496477,-13.615673,-2.522747,7
524,-0.11084612,-1.8327526,6.4687157,8
525,-6.2282176,5.759321,1.7424284,9
526,-1.0104955,14.044307,-0.02407015,0
527,0.0684729,0.74232495,17.723375,1
528,-5.6023645,-1.9410611,14.344192,2
529,-9.320939,-1.5912585,5.2514496,3
530,14.28468,-6.1239815,-7.2138443,4
531,-7.0956135,5.518637,-9.358866,5
532,7.3137627,7.1448884,7.192554,6
533,1.6622684,-13.169618,-5.273939,7
534,-1.4438515,-1.8436105,5.909911,8
535,-5.834605,6.0840893,1.2542436,9
536,-2.0623116,15.827589,-3.356219,0
537,0.660375,1.0271579,17.061384,1
538,-5.807932,-2.1658263,14.411908,2
539,-8.677724,-1.6359944,6.008544,3
540,16.84944,-3.921337,-4.7159753,4
541,-7.1650105,4.591097,-10.587955,5
542,6.1729283,6.7255993,8.905293,6
543,2.5627122,-10.4282465,-9.104685,7
544,-1.9809246,-1.7516779,5.7542043,8
545,-7.0462794,5.778174,2.847517,9
546,-2.0146477,15.145113,-3.029495,0
547,-1.3951776,-4.922474,0.5053198,9
548,-5.4210997,3.3905814,-12.876358,5
549,-7.536814,4.7436914,-9.433952,5
550,6.279725,5.1263227,7.8412995,6
551,-7.5600095,4.8501673,-10.09806,5
552,-0.52031845,15.515324,0.7893299,0
553,-10.615334,9.653179,-2.2226205,9
554,-0.41255116,-1.5771477,6.050534,8
555,-6.3426375,5.624119,2.2980325,9
556,-1.8887317,-1.7507645,6.3772283,8
557,16.165876,-4.7381077,-6.4363422,4
558,0.8140581,0.8501074,17.36958,1
559,0.73804665,-12.581276,-8.702915,7
560,1.7376218,-12.353293,-5.9678063,7
561,-9.829177,-0.93091404,5.0160894,3
562,-6.8672867,4.7849154,-10.398696,5
563,1.1250563,1.7584543,16.446962,1
564,-2.2004566,14.338729,-0.9653012,0
565,1.3914187,18.550852,0.64062244,0
566,-4.4404182,-2.6931217,13.403252,2
567,-4.4202523,-2.4433303,13.548066,2
568,1.081668,-14.33384,-3.7967668,7
569,-2.5411854,-1.5298107,6.6980877,8
570,-4.8966165,-4.0632076,13.555102,2
571,-0.8955858,13.3011265,-2.8546426,0
572,0.9434314,0.6021575,17.389488,1
573,-4.4066973,-2.4594617,13.563727,2
574,6.187614,4.068179,7.3367558,6
575,-9.925335,-0.19193013,5.392841,3
576,-10.583377,-3.3665903,4.553186,3
577,3.1245492,-10.264286,-8.674856,7
578,-8.4251995,-0.63544196,5.311763,3
579,-9.467705,-0.8294648,5.258064,3
580,15.796729,-3.9314573,-6.968872,4
581,6.9169536,5.71782,6.939479,6
582,5.539623,5.4633803,8.327192,6
583,7.3445997,6.823435,6.843206,6
584,14.390679,-6.0113845,-6.8800416,4
585,-8.692826,8.935345,-1.9080095,9
586,0.91798174,1.8992379,16.707996,1
587,-6.177313,4.38041,-10.86515,5
588,3.2193587,11.315119,-1.4605011,0
589,-7.9435086,7.3217688,0.49392042,9
590,-7.3255873,5.9638934,-9.413588,5
591,-6.0536184,-2.9542468,14.486159,2
592,-2.090852,-1.7477804,6.8501573,8
593,-3.427751,-8.287804,16.140257,2
594,-1.8733895,16.512053,-1.9205916,0
595,-2.432237,15.049351,-3.1744773,0
596,1.1361006,1.2598456,16.608244,1
597,0.7660089,-13.65621,-5.2442765,7
598,6.9043584,5.7510653,6.922626,6
599,-9.88654,-0.20547695,5.53328,3
600,-1.0622399,-7.4466186,18.23085,2
601,0.7350641,1.8849138,16.771252,1
602,1.8276706,-13.222047,-6.0435905,7
603,15.292804,-6.1572285,-6.0832872,4
604,6.163539,3.776985,7.493411,6
605,-8.627208,-1.2928554,5.202151,3
606,1.3811499,1.073645,16.461351,1
607,-8.810396,-1.3196137,5.605446,3
608,-6.334082,5.6846576,2.068159,9
609,-0.087943934,2.138812,16.92254,1
610,-0.7802946,-13.739711,-6.8804636,7
611,5.240085,5.7365,8.425314,6
612,-1.7419643,-1.7919757,6.4223332,8
613,16.001982,-5.0702767,-6.0826774,4
614,-9.782365,-1.26192,5.124908,3
615,4.1078415,-3.5960648,5.936481,1
616,16.099854,-5.6094837,-6.2620983,4
617,-2.326283,15.7651825,-3.854542,0
618,-7.7324367,4.392879,-9.51951,5
619,-9.613114,-1.3110604,5.136534,3
620,5.5590506,5.397912,8.8789015,6
621,-6.426914,5.6805573,2.2438257,9
622,5.84688,4.8467555,7.488514,6
623,-0.93989235,2.7783432,17.019793,1
624,0.5653082,-12.964865,-6.464854,7
625,-5.776628,4.6091433,-10.624071,5
626,17.740408,-4.7305408,-5.068903,4
627,16.155088,-3.6907902,-7.2241654,4
628,-1.1119956,-15.184931,-4.2565026,7
629,-4.8229995,-2.2122529,13.916762,2
630,-0.3730814,-1.1187685,5.4054193,8
631,-3.817371,-7.4018736,15.138952,2
632,-4.3425665,-2.4872248,13.491584,2
633,-6.9647293,5.61776,-12.343856,5
634,1.8080367,-12.567209,-5.742275,7
635,-10.367253,5.821528,0.9425184,9
636,-7.068983,5.4856524,-9.5565,5
637,15.111494,-6.414103,-6.098524,4
638,-0.30236697,-1.7219437,6.560712,8
639,-1.8085006,-1.6935085,6.8586626,8
640,15.4582405,-6.022455,-6.5453744,4
641,-9.065481,8.497728,-1.6152439,9
642,-1.655566,15.188651,-2.4058397,0
643,-1.9327127,-1.719489,6.715549,8
644,-9.814445,3.467205,1.3295101,9
645,-0.52910346,-1.5419236,6.182671,8
646,2.9796898,13.23995,-4.0415416,0
647,5.6274576,-4.060782,3.2663074,1
648,-0.3083364,-8.241807,12.699875,2
649,-13.232328,-6.263166,-1.2990016,3
650,12.622798,-2.4925144,-2.893853,4
651,-3.7800672,7.4716063,-10.593562,5
652,7.8696537,6.7198386,12.529745,6
653,0.962173,-13.381328,-6.5982633,7
654,-2.999513,-1.349444,2.5444121,8
655,4.0313306,-0.9901644,-6.4142804,9
656,-0.29780498,15.580079,-5.698719,0
657,5.7532983,-3.0547075,5.8158407,1
658,-0.58446467,-7.211823,12.552754,2
659,-14.417165,-6.335994,-1.0544281,3
660,12.848301,-2.5841568,-2.615221,4
661,1.4358146,4.7740307,-12.825714,5
662,7.7999105,6.9243774,12.0667305,6
663,3.2367022,-10.351306,-8.744734,7
664,-1.7595425,-3.4030879,0.65862864,8
665,5.1592803,-1.3203748,-6.534486,9
666,3.4550183,13.223698,-3.786178,0
667,5.999623,-2.7636511,5.6917667,1
668,-1.9247847,-8.048513,12.634775,2
669,-12.289359,-6.03922,-1.9188043,3
670,11.428187,-0.04468172,-3.5927613,4
671,1.5042835,4.6460104,-13.087965,5
672,7.935721,7.0453377,11.646802,6
673,3.0334122,-9.04915,-11.586785,7
674,-3.031024,-1.1984494,2.792335,8
675,4.5799294,-0.7578992,-6.819334,9
676,1.2784489,13.930358,-2.998883,0
677,5.424497,-1.378582,-6.4624505,9
678,-2.624068,7.855333,-10.364928,5
679,0.09673073,4.1543455,-14.8344965,5
680,8.891038,6.312725,10.274235,6
681,2.048313,4.2464147,-13.049734,5
682,3.514706,16.308966,-1.2223703,0
683,4.63155,-0.38706708,-4.614244,9
684,-1.0823915,-2.8113458,1.2760658,8
685,4.9858336,-1.166547,-6.4416213,9
686,-1.3314589,-2.577638,1.3721637,8
687,12.153431,-2.6602616,-4.0470514,4
688,4.422819,-4.200639,2.392144,1
689,2.926422,-9.252428,-11.614568,7
690,2.894412,-9.185496,-11.614068,7
691,-13.921841,-8.316617,0.24847099,3
692,0.57836735,4.0894036,-13.626292,5
693,4.4452577,-4.1144176,2.4795203,1
694,3.8859663,14.538547,-2.286679,0
695,1.0044552,16.245043,-4.4337907,0
696,-4.182574,-7.8184724,11.3914585,2
697,-1.3032385,-7.3171306,12.077636,2
698,2.61992,-10.886361,-9.688767,7
699,-0.8986035,-3.6011844,0.6894198,8
700,-4.3887005,-7.9639874,10.826227,2
701,6.819968,13.743491,-2.705653,0
702,6.444063,-7.211024,4.09385,1
703,-4.4658947,-7.890039,10.923279,2
704,8.935732,5.9338827,12.093442,6
705,-13.926687,-6.5236573,-0.04596728,3
706,-13.312712,-6.3750954,-0.9937039,3
707,2.6316674,-10.054379,-9.530737,7
708,-14.373872,-6.4008617,0.3226129,3
709,-11.71898,-5.8249474,-0.38515335,3
710,11.945186,-2.8370104,-4.606207,4
711,8.790409,8.571407,10.304168,6
712,5.229879,8.104291,13.146402,6
713,9.807135,7.8371716,10.099433,6
714,13.184349,-2.2067263,-2.7999496,4
715,4.9135,-0.80246454,-6.366567,9
716,5.5708823,-2.6447546,3.4190063,1
717,-2.2412503,6.825722,-10.154881,5
718,4.0266576,14.366156,-2.6724143,0
719,5.596839,-0.7212182,-5.8084316,9
720,-2.2692118,7.080453,-10.214918,5
721,-3.5833194,-7.8396173,11.473984,2
722,-2.1308308,1.0687479,1.523299,8
723,-0.34254602,-6.6304717,12.975566,2
724,4.118861,14.8230295,-4.293478,0
725,1.9440514,13.983763,-2.1171086,0
726,6.343552,-7.322271,3.9529707,1
727,2.7208195,-10.747351,-10.268139,7
728,7.616863,7.3496604,11.618248,6
729,-13.840356,-6.642894,-0.78050023,3
730,0.30759686,-9.610264,16.043324,2
731,5.7639956,-1.8263103,3.8626795,1
732,3.0066812,-9.237732,-11.54314,7
733,13.273566,-2.5648077,-3.1310542,4
734,5.643688,4.681705,12.795894,6
735,-14.785,-6.685954,-0.18640181,3
736,5.6091795,-1.8434718,4.526528,1
737,-8.890079,-3.4116004,-1.8411268,3
738,5.2963276,-0.36583173,-5.99511,9
739,5.1794004,-2.9679434,3.8633516,1
740,2.730371,-10.581687,-10.396036,7
741,8.6683855,8.516432,9.824907,6
742,0.4744868,-3.2027192,1.9300362,8
743,15.8168955,-5.921198,-6.369088,4
744,-8.965978,-3.4175193,-1.8344961,3
745,5.528048,-2.6114566,3.1768544,1
746,12.100592,-6.852649,-8.134411,4
747,3.4957318,13.530778,-1.3168309,0
748,-3.4941409,5.953518,-9.279499,5
749,-11.637457,-5.824548,-1.8432803,3
750,5.1686435,4.727811,12.469271,6
751,5.3245397,-1.5516533,-6.7122955,9
752,5.116132,4.8129005,12.605938,6
753,5.4523907,-3.6534116,2.7932475,1
754,2.8648217,-10.628643,-10.466734,7
755,0.75646454,3.8710861,-13.692227,5
756,17.821548,-4.765598,-4.9879813,4
757,12.023272,-6.4858165,-8.370447,4
758,2.699605,-10.469995,-11.098456,7
759,-1.118632,-8.532667,12.452835,2
760,0.6182114,-4.809447,-0.043548588,8
761,-1.1941012,-8.690509,12.190481,2
762,-0.9712575,-8.22029,12.797952,2
763,1.4817505,4.570222,-14.498257,5
764,1.0669472,-12.570521,-6.2301927,7
765,4.6202426,-1.4152689,-6.463762,9
766,3.5420086,3.958712,-15.493191,5
767,18.137169,-4.100989,-5.26149,4
768,-1.956261,-0.11772602,1.8883762,8
769,2.1740122,-5.6189885,0.25602946,8
770,12.081677,-6.6244035,-8.265372,4
771,4.3131604,-0.6709661,-6.296923,9
772,3.2347825,14.947217,-2.841595,0
773,-2.9737527,-1.2894044,3.04889,8
774,4.182695,-1.4973661,-5.592525,9
775,-0.2491513,-3.9712534,0.6922715,8
776,-2.9466765,15.749222,0.17225896,0
777,8.601456,-6.273548,4.1650796,1
778,-0.76162267,-8.341586,16.176668,2
779,-9.057517,-4.1926327,-1.9617295,3
780,17.717793,-1.7813269,-4.7543917,4
781,-1.140163,1.6985137,-14.874904,5
782,2.9946656,10.017953,7.922228,6
783,-0.9216249,-11.371246,-8.611337,7
784,2.14556,-3.234809,11.016526,8
785,-11.222753,5.462395,0.8785589,9
786,0.0014987327,18.283754,-0.14823605,0
787,8.016407,-7.7205567,4.8158345,1
788,-1.7456228,-7.5334773,16.836832,2
789,-10.222388,-4.639564,-0.28799868,3
790,15.5328865,-1.6719211,-4.7563047,4
791,1.588801,1.9663574,-15.938799,5
792,3.0700243,10.401972,7.702197,6
793,-0.29001802,-13.991227,-6.8030725,7
794,6.351228,1.2257522,0.46038595,8
795,-10.799832,10.15932,-1.4584035,9
796,-0.060311664,12.5697,-4.0770855,0
797,6.8853736,-6.810317,4.0324407,1
798,0.24737018,-9.157201,16.151968,2
799,-10.45783,-4.354693,1.305279,3
800,17.092985,-3.058726,-5.543239,4
801,1.6804867,2.4726768,-15.576698,5
802,2.605657,8.020845,8.3951235,6
803,-1.6362481,-13.282634,-6.498594,7
804,1.0858581,-4.2555556,0.5515953,8
805,-10.034804,3.1680598,1.34562,9
806,-0.045206323,13.677919,-1.1738515,0
807,-10.636127,9.672768,-1.775802,9
808,-0.69832474,0.38970765,-13.314777,5
809,1.4240777,3.8686316,-14.723037,5
810,5.5071545,10.256894,7.723909,6
811,-0.9744978,1.5044022,-15.003731,5
812,-0.098305516,13.756912,-1.8682479,0
813,-10.156756,0.44239762,5.4423695,9
814,-3.5275972,0.77252144,0.23829533,8
815,-9.670837,8.5878935,-1.9838979,9
816,-0.31197235,1.863633,-1.2255436,8
817,15.781861,-0.34890077,-6.2230587,4
818,3.6623912,-3.9756258,4.9156785,1
819,-2.291028,-14.971649,-5.5393405,7
820,-0.4704314,-10.977231,-8.267712,7
821,-9.367109,-4.7046123,1.6936277,3
822,-0.38288072,2.113787,-14.255148,5
823,5.1173,-4.288307,4.3534904,1
824,2.2221339,11.501041,-2.9017243,0
825,1.5599802,11.895582,-3.108945,0
826,-0.8064287,-7.3520923,14.402172,2
827,1.1138172,-7.6653166,17.55225,2
828,-2.5795503,-15.982383,-5.915208,7
829,-0.16947924,1.9164146,-1.4215664,8
830,0.08024729,-9.298601,15.770587,2
831,2.544696,13.917283,-5.086793,0
832,0.57796824,-0.28391415,18.102602,1
833,-1.0397457,-5.038851,17.308538,2
834,3.407397,5.1542788,9.620118,6
835,-8.816471,-4.852594,1.1882728,3
836,-8.662926,-4.979992,1.2499706,3
837,-1.4807907,-12.9239645,-7.422022,7
838,-11.436937,-8.4472,-0.5574405,3
839,-10.964963,-8.44149,-0.4066784,3
840,15.012509,-2.7402072,-5.121343,4
841,3.5553362,6.686065,8.344962,6
842,5.4725943,10.322787,7.6526165,6
843,2.898508,10.080872,7.8998713,6
844,16.662601,-2.6125364,-4.7809,4
845,-10.417328,3.0985508,1.1129912,9
846,4.688956,-6.562462,3.8826976,1
847,-0.454416,0.5609797,-13.2382965,5
848,5.0962505,14.461379,-3.1716716,0
849,-8.48535,4.1143713,-0.9449741,9
850,0.11007906,1.2449774,-13.352385,5
851,0.73635983,-8.971686,16.632158,2
852,0.5905825,-1.3100282,0.95686185,8
853,0.8464186,-7.862521,17.348095,2
854,5.5885425,13.389603,-3.3793123,0
855,0.64969426,16.577057,-1.2713484,0
856,6.3802385,-2.675221,6.2311196,1
857,-1.691983,-13.111914,-7.756976,7
858,6.0132704,7.9000573,7.761102,6
859,-11.024411,-5.8879247,1.8808771,3
860,-5.2665052,-8.049408,12.667764,2
861,6.381439,-4.5105324,3.1597683,1
862,2.4766495,-11.149688,-7.2682,7
863,15.431402,1.7018609,-6.4092727,4
864,2.427819,8.95948,8.461976,6
865,-10.021785,-3.6958992,-0.5479156,3
866,7.860088,-4.2636967,3.6977391,1
867,-10.839858,-4.0040984,0.49241725,3
868,-10.763565,9.593683,-2.1905067,9
869,7.490499,-4.480262,5.0374393,1
870,-2.380963,-15.24156,-5.9821134,7
871,5.19746,9.0205555,9.019786,6
872,2.0826042,-3.3150518,11.028996,8
873,17.642714,-2.3473358,-4.830265,4
874,-9.578581,-3.3254807,0.52985686,3
875,7.487855,-5.8105083,3.966879,1
876,18.063541,1.0391601,-5.239387,4
877,0.67248404,15.369417,-2.8518844,0
878,-1.184894,1.3287485,-13.492542,5
879,-9.246685,-6.64131,2.312607,3
880,2.3341293,4.746259,11.2226515,6
881,-11.329306,3.5939674,1.5284631,9
882,8.989874,7.403908,11.0180855,6
883,5.2659717,-6.725853,3.4555616,1
884,-1.2164565,-14.3286,-8.258516,7
885,1.565145,2.9401278,-14.844488,5
886,16.908596,-2.8685343,-5.0043244,4
887,15.041557,-0.6033932,-5.0703473,4
888,-1.4446617,-13.137052,-7.669302,7
889,0.86280715,-8.564267,16.938696,2
890,1.3673792,1.0990119,-0.74969727,8
891,-11.949983,-11.3098135,-0.025131896,2
892,-1.2635088,-8.666883,13.085096,2
893,-2.201855,1.6065419,-13.349477,5
894,-0.30141762,-13.347086,-3.5804005,7
895,-10.139691,9.046378,-2.9839191,9
896,1.3253442,2.2451138,-15.531588,5
897,17.636095,-1.7627968,-4.8294907,4
898,1.082475,1.145138,-0.7803103,8
899,-3.9196897,-4.513995,4.745192,8
900,17.362717,1.0559152,-5.519353,4
901,-9.866783,9.014348,-3.1078413,9
902,1.9392802,11.502034,-0.53438485,0
903,1.4378378,1.0624666,-0.63005036,8
904,-11.6099,7.9387155,-2.1267762,9
905,2.2501504,-3.1569078,10.934548,8
906,0.56042296,0.0023549953,17.990011,1
907,-2.6709158,-7.0692673,15.137537,2
908,-12.048733,-1.8997968,2.773367,3
909,14.10456,1.4198973,-6.951425,4
910,-5.4994965,4.3020997,-10.792146,5
911,9.202429,8.36215,11.632616,6
912,-2.419391,-8.901058,-9.571582,7
913,-2.9084003,-2.3051906,1.3724704,8
914,-12.004488,5.7732596,2.4178941,9
915,-0.9991927,15.012204,0.39117587,0
916,0.46895823,-0.099189915,18.073605,1
917,0.23372017,-5.80715,17.95178,2
918,-11.7458515,-2.208929,0.7429109,3
919,14.140323,1.7094004,-6.850607,4
920,-7.8039513,3.3918226,-8.74881,5
921,9.691847,7.185988,11.108503,6
922,-3.2398584,-10.404977,-9.810184,7
923,-3.775613,-1.4646823,1.169543,8
924,-10.344117,6.171542,2.0349822,9
925,-0.8165263,15.329163,0.20586741,0
926,0.76671624,-0.23205952,18.10713,1
927,-3.8641145,-6.644216,15.641744,2
928,-12.033018,-2.1294606,-0.8168853,3
929,11.902798,0.95588416,-7.3735867,4
930,-8.418974,3.5057046,-7.406244,5
931,9.019322,9.149126,10.258395,6
932,-1.8420988,-8.955391,-9.503917,7
933,-3.8884478,-2.0054216,1.4706823,8
934,-11.28836,6.1459618,2.3654616,9
935,-1.092098,15.610611,-1.3356168,0
936,-10.538908,7.964269,-0.73192644,9
937,-7.484296,3.2235718,-7.6992345,5
938,-6.629844,3.3435621,-9.767785,5
939,7.2355614,8.868915,11.112963,6
940,-8.136885,3.3651633,-7.597747,5
941,-1.2880924,16.420614,-0.16892631,0
942,-10.253899,4.8996186,2.8780885,9
943,-3.267091,-1.5181303,1.821092,8
944,-11.655937,6.217872,0.9883985,9
945,-2.6350574,-1.1025023,0.30442163,8
946,12.183531,-0.79576015,-8.975013,4
947,-1.1445756,2.6607199,17.213045,1
948,-3.0168412,-10.595502,-9.141386,7
949,-0.7700375,-9.079655,-10.305508,7
950,-12.3953085,-1.6518914,-0.7781817,3
951,-8.408703,2.314693,-7.5794106,5
952,-0.6935645,1.408143,17.864761,1
953,-4.134454,-6.0900445,16.10838,2
954,-3.0805087,-10.418722,-9.587644,7
955,-4.0249157,-1.1677986,1.1062014,8
956,-6.319503,-4.493061,14.852382,2
957,0.18745735,16.242216,-0.8653664,0
958,-0.33588323,1.0368384,17.95291,1
959,-4.6173315,-4.537761,14.934515,2
960,9.444664,8.319059,11.627408,6
961,-10.860797,-2.8160157,1.3294499,3
962,-11.865538,-2.3674786,0.9634069,3
963,-2.2695084,-9.674322,-10.263566,7
964,-12.394964,-1.1087954,3.0457518,3
965,-12.743519,-0.70568526,1.1050733,3
966,11.412612,0.6830938,-7.7607584,4
967,6.7791843,8.516033,10.694399,6
968,7.4176364,9.4304905,11.114877,6
969,8.810955,8.558072,11.493054,6
970,11.96068,0.99431026,-7.3225303,4
971,-11.968775,5.3386207,2.3876271,9
972,-0.9529148,2.3402488,17.326502,1
973,-6.7698817,3.0899339,-9.63792,5
974,-1.2943177,16.360811,0.24744758,0
975,-11.886653,5.8429956,2.4583008,9
976,-7.237271,3.3912911,-8.323797,5
977,-6.1181145,-5.1765366,14.640669,2
978,-1.7131193,-0.61800224,1.8190352,8
979,-5.902146,-4.448992,14.711602,2
980,-2.927486,15.786022,0.18522167,0
981,0.7974006,16.749918,1.0495791,0
982,-0.6183654,1.4083953,17.816107,1
983,-0.6345605,-11.558731,-8.380923,7
984,8.543659,8.951146,11.021484,6
985,-12.552616,-0.7341835,3.206205,3
986,-2.7416716,-5.790147,16.364607,2
987,0.5569345,0.061713077,17.978159,1
988,18.130861,2.5554807,-6.2306237,4
989,4.7233305,6.9705167,11.673605,6
990,-12.065213,-2.16903,2.875511,3
991,-0.40342042,1.3495817,17.688084,1
992,-12.658789,-0.46405685,2.4104204,3
993,-10.476577,4.795358,2.7564096,9
994,-0.92153484,2.166845,17.394285,1
995,-2.3327453,-9.66337,-10.200393,7
996,5.4440675,9.466584,11.2636175,6
997,-2.4129198,1.2467183,-0.26703027,8
998,11.359612,0.6642121,-7.7887917,4
999,-9.987674,-3.2818153,1.5272477,3
1000,-1.0637192,2.2209756,17.446323,1
1001,13.015971,2.4091964,-6.4544272,4
1002,-0.6095822,16.943672,-1.0285778,0
1003,-4.9936414,3.482415,-11.127317,5
1004,-12.741738,-0.82879245,1.1007196,3
1005,8.191386,8.674577,9.948632,6
1006,-10.714819,6.78394,2.0413983,9
1007,7.339279,8.991038,8.84288,6
1008,-0.10497102,0.7934019,17.95307,1
1009,-1.7654283,-9.031623,-10.005555,7
1010,-7.7863507,2.936192,-7.909084,5
1011,13.602199,1.2991672,-7.1889553,4
1012,11.446196,-0.8362844,-8.727873,4
1013,-2.6800992,-10.803877,-8.717595,7
1014,-4.4050913,-4.416444,14.467866,2
1015,-4.220484,-1.9095567,1.6914223,8
1016,-6.5362043,-4.366409,14.62909,2
1017,-2.9844987,-4.614991,17.390913,2
1018,-7.965416,3.1318424,-7.7381783,5
1019,-2.1895263,-9.576805,-8.834511,7
1020,-10.776591,8.238771,-0.35255516,9
1021,-5.712199,3.2745152,-8.552213,5
1022,10.651427,-1.6818295,-9.082075,4
1023,11.981344,-2.7799203,-9.051074,4
1024,-7.5931582,5.812507,3.6108382,9
1025,-1.7237675,16.15235,0.827447,0
1026,-2.9749959,0.7232028,0.5152519,8
1027,-10.153396,6.4655895,1.8450295,9
1028,-2.9645944,-1.3111572,2.162102,8
1029,-0.008685487,15.965248,-3.023955,0
1030,3.784142,-5.0381465,4.8699083,1
1031,-1.6491114,-7.2598557,17.062756,2
1032,-12.844277,-3.9837143,3.0023901,3
1033,11.232063,-1.8795223,-9.020944,4
1034,-1.5420709,4.081546,-14.193007,5
1035,9.146373,8.28569,9.509592,6
1036,-2.7254963,-11.59308,-7.2349515,7
1037,-1.0024067,-5.0962977,-1.2813354,8
1038,-9.095301,1.6864322,-2.3263004,9
1039,3.0699713,15.652541,-0.22503239,0
1040,4.8877454,-5.2808256,5.252027,1
1041,-3.2868767,-5.233318,13.080302,2
1042,-12.969629,-3.8533428,3.3193946,3
1043,10.984662,-1.4835455,-8.964753,4
1044,-3.2761269,3.0160677,-14.058655,5
1045,6.677977,9.948584,8.598374,6
1046,-2.54959,-10.8921795,-8.755687,7
1047,-2.1521616,-7.675172,1.7074798,8
1048,-7.9656553,4.8850665,4.845106,9
1049,1.0986392,14.761537,2.159405,0
1050,8.147996,-5.6088343,4.9561353,1
1051,-6.056588,-4.8420568,14.307459,2
1052,-13.304394,-5.257446,2.2340927,3
1053,11.878219,-1.5411124,-8.927434,4
1054,-6.0799565,4.3793845,-12.114263,5
1055,6.8649173,8.911715,11.756409,6
1056,-3.0435576,-11.495948,-6.8217463,7
1057,-4.1989098,-5.4504366,2.3331459,8
1058,-7.778787,3.6702406,-5.7856,9
1059,-0.1735926,16.249088,0.9028209,0
1060,-6.669305,5.453712,-2.8105986,9
1061,-1.9305004,4.5961537,-13.531878,5
1062,-2.4185877,4.2508783,-15.114069,5
1063,3.2130706,5.6485357,11.998112,6
1064,-1.8170346,4.647509,-13.653779,5
1065,3.4485788,14.677845,0.49637777,0
1066,-8.046179,5.0584216,4.7018104,9
1067,-4.6411934,-4.3168035,1.7699555,8
1068,-6.771511,5.7779217,-2.7490997,9
1069,-0.9210084,-4.062056,3.7250965,8
1070,11.003295,-0.7227297,-8.674396,4
1071,4.4101925,-4.9906745,3.715393,1
1072,-3.6793323,-10.779902,-7.481694,7
1073,-2.8205724,-11.978964,-8.58849,7
1074,-13.710505,-6.757786,1.5157436,3
1075,-3.8121135,3.691368,-11.919646,5
1076,7.7631145,-4.5022373,4.989461,1
1077,2.3143961,14.277531,2.45949,0
1078,2.2021122,14.326763,2.526989,0
1079,-3.4846327,-11.258619,-6.8607917,7
1080,-2.056782,-7.8839464,1.7769657,8
1081,-6.498418,-5.6655016,13.464205,2
1082,0.7465995,18.852959,0.16861825,0
1083,6.281314,-2.1683552,3.9289527,1
1084,-5.9123683,-5.098898,14.109672,2
1085,4.770355,4.5799503,9.242761,6
1086,-14.366382,-5.30516,1.7383478,3
1087,-13.348097,-6.8261013,1.737856,3
1088,-4.649979,-11.068542,-6.8504777,7
1089,-14.539695,-4.6436915,0.33259904,3
1090,-14.161171,-5.4490323,1.7068315,3
1091,11.954611,-2.6040869,-9.127091,4
1092,7.449244,6.0314803,12.918849,6
1093,4.0519485,7.99654,12.307584,6
1094,5.676945,7.074272,12.494505,6
1095,12.222379,-4.8684225,-9.151956,4
1096,-7.9433703,4.830944,4.864773,9
1097,8.436481,-5.751571,4.9132757,1
1098,-3.3941824,5.7130523,-12.273152,5
1099,-1.0316573,16.28674,-1.3334963,0
1100,-1.7366998,-6.536281,-0.9404281,9
1101,-0.08538498,4.070165,-14.820818,5
1102,-6.054035,-3.9154367,16.371462,2
1103,-4.441121,-4.961701,1.970417,8
1104,-7.621159,-5.5208306,12.772635,2
1105,0.80327076,19.067064,0.25160983,0
1106,1.2961913,18.543089,0.8272171,0
1107,7.305505,-3.2422285,5.19249,1
1108,-2.4730914,-12.750473,-5.0689983,7
1109,5.404826,4.220589,12.087074,6
1110,-13.3428545,-4.3841667,2.8140678,3
1111,-4.451972,-5.1517816,15.556604,2
1112,7.985927,-6.2219224,5.096376,1
1113,-4.8163795,-11.06588,-6.808656,7
1114,11.677806,-2.064433,-9.125069,4
1115,7.3737197,6.252912,12.986246,6
1116,-13.330198,-4.4803066,2.9333627,3
1117,4.3778143,-5.8530912,3.4757972,1
1118,2.578924,-8.605353,-8.238283,3
1119,-8.018153,5.2415924,4.5354156,9
1120,6.663377,-5.652623,3.8488162,1
1121,-3.0987737,-11.313553,-8.661806,7
1122,5.0836334,8.935345,12.22493,6
1123,-4.315487,-5.051011,1.9626696,8
1124,11.87071,-3.4374352,-8.90037,4
1125,-13.51304,-4.723576,3.1358182,3
1126,8.203069,-3.2075236,3.992364,1
1127,13.698753,-1.9948121,-9.128365,4
1128,-0.47392848,16.672445,-2.9334078,0
1129,-1.1713538,4.687904,-11.808748,5
1130,-14.719267,-4.9169173,2.198572,3
1131,5.792061,2.7720647,9.921358,6
1132,-10.411824,4.6230717,-3.3563497,9
1133,6.1505995,9.568105,11.032385,6
1134,7.6226726,-3.9296653,5.050971,1
1135,2.984082,-12.818809,-5.1730375,7
1136,-3.189209,6.227376,-11.67965,5
1137,14.220967,-0.058422986,-8.305484,4
1138,11.731976,-2.0108736,-9.267694,4
1139,-2.5602622,-12.782216,-5.48514,7
1140,-3.0430284,-4.750922,17.158644,2
1141,-1.6344913,-6.208126,-0.5556684,8
1142,-3.3232758,-5.1517787,13.119561,2
1143,-6.908078,-4.345834,13.747364,2
1144,-1.5269053,3.941326,-14.471893,5
1145,-3.6036682,-11.304222,-6.9126773,7
1146,-9.567446,3.2709355,-3.395843,9
1147,-2.463639,6.0146317,-11.543062,5
1148,13.725567,-1.4749821,-8.6626625,4
1149,-5.1039667,-4.442817,1.5402961,8
1150,-2.2794147,-6.6818123,4.6114306,8
1151,11.781727,-3.659015,-8.759585,4
1152,-7.8283906,4.697927,5.135662,9
1153,0.07951483,15.162198,1.0361036,0
1154,-3.9332411,-6.3980217,2.337556,8
1155,-9.580861,4.6056833,-4.2398396,9
1156,-4.066335,-5.8103623,2.2980607,8
1157,-1.0670693,14.890502,-1.5423479,0
1158,6.990625,0.43216735,0.07491614,1
1159,-1.0085801,-7.9617047,16.598005,2
1160,-14.008159,-4.050787,0.603388,3
1161,14.243897,-1.7999778,-7.8932533,4
1162,-2.8536751,5.412296,-8.973341,5
1163,8.700165,9.75652,9.603288,6
1164,1.4196079,-14.21742,-4.189866,7
1165,-4.478886,-1.8078175,0.7198083,8
1166,-6.124748,4.2954335,-0.4950625,9
1167,0.3304547,15.613817,-3.7734435,0
1168,6.8349876,0.7094032,-0.43956858,1
1169,-3.475376,-6.6581187,14.757121,2
1170,-12.677857,-7.095437,1.4157783,3
1171,14.9506,1.7176465,-6.2353806,4
1172,-3.6535046,6.018661,-9.206316,5
1173,6.4045362,4.8009152,8.711227,6
1174,1.6141186,-11.256507,-7.306853,7
1175,1.3736277,-7.0540037,0.8137518,8
1176,-13.187606,4.1958857,0.9460679,9
1177,1.2550112,14.579681,-3.5991766,0
1178,7.999694,-0.50904465,2.8736265,1
1179,-2.3291578,-8.453192,12.404222,2
1180,-13.931171,-6.0208607,3.416101,3
1181,15.311946,-3.9790492,-6.329753,4
1182,2.133932,2.248006,-15.5953045,5
1183,4.738794,7.6925306,11.848869,6
1184,3.245858,-10.117903,-8.878308,7
1185,0.75206053,-6.9621577,1.3949318,8
1186,-6.2250276,4.096742,-0.68922776,9
1187,-0.5912676,15.30532,-5.2932944,0
1188,-8.05506,6.946932,0.04007389,9
1189,-3.6843493,4.5375504,-11.406556,5
1190,-2.2959309,1.6300758,-13.160886,5
1191,5.4894867,7.2731447,12.2353735,6
1192,-1.2495142,1.85718,-15.008732,5
1193,1.1520071,13.816245,-5.622038,0
1194,-7.7468324,7.246505,-0.99512064,9
1195,-1.1885777,-7.708014,-0.16710334,8
1196,-8.098105,7.094913,0.50609446,9
1197,0.25708744,-8.544986,1.4663619,8
1198,14.338138,1.6721401,-6.6621656,4
1199,5.622436,-5.78844,4.1535296,1
1200,0.7243546,-15.141084,-4.1595426,7
1201,1.7661401,-13.931466,-4.781928,7
1202,-6.082625,-9.522952,-1.2306768,3
1203,-2.3417616,6.7140565,-9.969916,5
1204,7.5420623,0.101360306,1.4999064,1
1205,1.458604,14.296873,-6.010576,0
1206,1.1233793,14.11319,-5.772823,0
1207,-4.600254,-7.515084,13.563974,2
1208,-1.4645215,-8.067778,12.750255,2
1209,0.5920985,-13.356398,-5.955748,7
1210,0.22362049,-6.736376,-1.3141563,8
1211,-0.8284022,-9.253504,15.7744055,2
1212,-0.6372638,15.522911,-4.960053,0
1213,9.719685,-5.859546,4.473607,1
1214,-3.2475379,-8.130257,14.418942,2
1215,2.205431,8.096258,9.333466,6
1216,-13.9728775,-6.322202,3.3640656,3
1217,-10.077915,-7.4914784,0.77753735,3
1218,1.6615404,-13.848836,-3.7018316,7
1219,-11.249823,-9.472974,0.7800255,3
1220,-13.139551,-7.421188,2.319642,3
1221,17.013678,0.974809,-5.3846045,4
1222,4.2291646,8.253321,12.146445,6
1223,4.6406226,5.997256,9.975323,6
1224,4.910848,5.7952843,10.108557,6
1225,13.8309,-0.70506346,-8.305962,4
1226,-10.87079,4.0703497,-2.1837423,9
1227,7.3934617,-3.3341246,4.788879,1
1228,1.6793354,4.6154647,-13.614198,5
1229,-0.40116894,14.866154,-5.6281085,0
1230,-7.73428,5.567542,-2.4123614,9
1231,-2.8831382,5.1909103,-9.991154,5
1232,-3.6830544,-9.060427,14.3879595,2
1233,-1.2668511,-7.459208,0.057670645,8
1234,-5.2025027,-8.0198965,12.893384,2
1235,-0.40845823,15.471395,-5.5901084,0
1236,-0.61337876,15.392542,-4.977532,0
1237,8.199095,-6.018683,4.3000164,1
1238,0.77670634,-14.941229,-4.0899305,7
1239,4.366395,8.889139,11.177678,6
1240,-9.908434,-9.2766075,1.0702633,3
1241,-2.863495,-9.822126,14.521595,2
1242,7.946468,-0.041020002,2.1518621,1
1243,-0.7732183,-14.993175,-4.1025047,7
1244,14.46827,-0.012916988,-6.5512137,4
1245,3.8420703,8.628646,11.735188,6
1246,-10.8205,-8.284881,1.7720532,3
1247,7.615493,-3.8164973,4.3869576,1
1248,-13.927257,-3.4948428,1.0914342,3
1249,-7.8054256,7.2700524,0.42096433,9
1250,7.4724054,-3.6249945,4.4367347,1
1251,0.03894903,-14.091762,-6.264354,7
1252,3.7818263,8.474624,11.9339285,6
1253,-1.2014825,-7.711841,1.342543,8
1254,14.531597,-0.7168744,-6.57833,4
1255,-11.10792,-5.7355986,2.0219538,3
1256,7.5638676,-2.0215368,4.039268,1
1257,16.560478,-0.4356883,-7.019071,4
1258,2.7659514,11.468266,-2.3344052,0
1259,1.733373,1.6179756,-15.956822,5
1260,-9.87044,-9.464389,1.0371776,3
1261,4.636581,6.351386,9.166367,6
1262,-8.399275,5.7260404,-2.3746386,9
1263,3.1021645,8.364056,11.637614,6
1264,8.3992815,-0.668918,3.6660163,1
1265,1.2904246,-14.539321,-3.4924636,7
1266,2.1766894,1.9354821,-14.674211,5
1267,16.377167,0.65450984,-6.7672677,4
1268,14.556166,-0.5504125,-8.546681,4
1269,3.030743,-10.816756,-8.425814,7
1270,0.40066734,-9.522757,16.022635,2
1271,1.6399667,-3.8714302,11.280909,8
1272,-1.6342244,-9.9686165,15.359534,2
1273,-3.5522788,-9.237398,14.183141,2
1274,3.6392405,4.174941,-15.425391,5
1275,3.5579686,-11.541359,-6.659841,7
1276,-8.089582,5.3326783,-2.2687516,9
1277,0.82529587,2.9863183,-13.300707,5
1278,14.807882,0.3519439,-5.5103397,4
1279,1.0168734,-7.491039,1.6531514,8
1280,-0.29503262,-7.6678643,2.4711661,8
1281,14.185083,-3.7040102,-10.188435,4
1282,-11.086938,7.072304,-1.5558311,9
1283,-0.33634886,15.546993,-6.0314226,0
1284,-0.090514645,-6.931827,2.9561856,8
1285,-7.1180167,6.290182,-2.4399831,9
1286,-0.9558547,-7.146495,2.4054568,8
1287,0.9811723,14.644879,2.2147887,0
1288,4.529625,3.2719612,-2.6046557,1
1289,-6.638375,-5.9701543,12.879056,2
1290,-12.3917675,-5.693418,1.740036,3
1291,17.735493,2.0071628,-5.7662225,4
1292,-5.4191284,4.7494154,-8.571359,5
1293,1.6280719,7.0669227,11.940024,6
1294,0.07116193,-15.411771,-4.071649,7
1295,0.9476795,-4.7335243,1.7702322,8
1296,-9.958168,6.9940314,2.3325298,9
1297,2.9687886,11.869534,-0.9439796,0
1298,7.7503204,-0.1404919,2.0143163,1
1299,-7.6895523,-4.11644,14.270868,2
1300,-13.38431,-7.0499916,2.0219138,3
1301,17.964228,2.2727659,-5.842951,4
1302,-4.224526,3.9921393,-9.939757,5
1303,2.2359924,6.8703876,12.287716,6
1304,-0.15931939,-10.622905,-7.420588,7
1305,1.6638949,-5.513737,0.9362919,8
1306,-9.304542,7.425546,0.6095101,9
1307,2.7293036,12.996004,-0.3044236,0
1308,6.9865785,0.59388477,-4.630212,1
1309,-6.9403124,-5.4935565,12.801947,2
1310,-12.592021,-2.573916,-0.5374715,3
1311,18.036926,2.329863,-5.776928,4
1312,-2.3288417,5.6624355,-10.344905,5
1313,2.115283,8.976882,12.044871,6
1314,-0.7636404,-11.454105,-6.1349497,7
1315,0.36652547,-6.359674,1.4618804,8
1316,-8.383933,7.5295825,0.15324844,9
1317,2.2989337,18.300097,0.6444351,0
1318,-9.371226,7.1009026,-0.78991026,9
1319,-2.6203916,4.2997475,-10.103784,5
1320,-1.8665808,4.737986,-10.332384,5
1321,2.3351626,8.589248,11.862036,6
1322,-4.070332,3.0439034,-12.78384,5
1323,5.646129,12.6398,-2.7168448,0
1324,-9.932216,4.7544904,-0.73864824,9
1325,-0.15203346,-6.311052,3.058379,8
1326,-7.1967154,6.8667197,0.95318085,9
1327,1.090652,-4.7838316,2.7343357,8
1328,17.449545,1.8339012,-5.850232,4
1329,9.553167,-5.42707,4.6096206,1
1330,-0.29971528,-10.128635,-7.8091216,7
1331,0.07183888,-11.58867,-5.619008,7
1332,-13.139677,-4.4230394,1.0800625,3
1333,-2.6145036,4.270008,-9.931311,5
1334,8.913804,-6.324319,4.645126,1
1335,3.427361,13.382803,-1.7105293,0
1336,3.7283032,13.6698475,-1.7776505,0
1337,-7.812473,-5.546027,12.677111,2
1338,-8.360014,-5.1844807,12.787537,2
1339,-0.8918143,-11.627163,-6.240442,7
1340,1.0447384,-5.416361,1.5493875,8
1341,-8.839776,-4.7418375,13.776373,2
1342,2.3089921,14.434557,-5.280657,0
1343,5.921232,1.560591,-1.7635194,1
1344,-7.781346,-5.174901,12.817505,2
1345,2.6315286,7.499255,9.127761,6
1346,-9.297706,-6.903829,2.3137014,3
1347,-13.626588,-6.672789,0.04157645,3
1348,0.5534407,-13.683602,-3.8125043,7
1349,-14.861069,-5.5929837,0.5940221,3
1350,-14.619244,-4.9492273,0.34648675,3
1351,17.347351,2.1729312,-5.7441177,4
1352,2.6575086,7.951145,8.809375,6
1353,2.2474742,8.295433,9.020346,6
1354,2.8765426,7.153887,9.453654,6
1355,17.160255,0.31772006,-6.901853,4
1356,-12.036314,3.7120285,1.6199737,9
1357,7.962451,-6.0746665,3.936628,1
1358,-2.649879,5.67078,-9.31758,5
1359,-0.570415,14.029158,-3.160619,0
1360,-9.403292,6.9768887,-0.14124192,9
1361,7.3714147,6.6085105,6.5057917,5
1362,-5.6426845,-5.139875,16.15958,2
1363,0.4006559,-3.1501663,2.4356604,8
1364,-9.228913,-4.9237456,13.511906,2
1365,0.28112057,15.809045,-3.2079422,0
1366,3.1782656,13.043833,-0.15317124,0
1367,6.9167433,0.857337,-0.18024136,1
1368,1.4682541,-13.982394,-4.6442485,7
1369,2.3343358,7.3612695,11.048306,6
1370,-12.577612,-4.5512104,1.173473,3
1371,-5.5509176,-4.332021,14.054364,2
1372,8.3659115,-7.555066,5.180217,1
1373,-2.2635036,-15.277047,-5.605312,7
1374,17.274075,0.31837118,-7.111189,4
1375,2.1371908,8.869094,12.055125,6
1376,-9.166793,-7.7800655,0.8404714,3
1377,9.193721,-6.6749463,4.087496,1
1378,-11.077028,-3.8425925,1.8719392,3
1379,-9.607792,4.568383,1.3043281,9
1380,8.735169,-5.946853,5.643087,1
1381,0.3132038,-11.754749,-9.484039,7
1382,2.536735,7.295306,12.154857,6
1383,-1.2788094,-7.6568847,2.3262699,8
1384,17.458874,2.3090627,-5.78725,4
1385,-14.171495,-5.9487305,-0.3220282,3
1386,8.672366,-4.295955,4.6126423,1
1387,14.485527,-0.99793005,-7.1177363,4
1388,3.117858,12.646603,-0.8123608,0
1389,-0.36065438,5.056069,-11.489814,5
1390,-13.716438,-3.958503,1.0782698,3
1391,1.1311167,8.336307,10.644403,6
1392,-8.579412,8.134446,-1.0656989,9
1393,2.1278944,9.112642,9.214997,6
1394,9.268015,-4.2208724,4.433557,1
1395,-0.0827227,-15.547195,-6.9501166,7
1396,-2.2581897,3.2319517,-12.777306,5
1397,15.151112,1.1353885,-4.749422,4
1398,15.097916,0.936999,-4.8037553,4
1399,1.4220226,-11.233254,-9.670936,7
1400,-7.3742027,-4.4776278,12.468827,2
1401,-0.9820746,-6.8172755,3.392551,8
1402,-6.3909965,-5.087465,14.430385,2
1403,-6.5856476,-4.5023675,13.314906,2
1404,-2.5222905,6.156735,-8.753752,5
1405,0.7307824,-12.077066,-5.6192174,7
1406,-8.247916,8.024048,-0.9009976,9
1407,-4.641155,3.2906823,-13.267639,5
1408,14.864196,0.66447175,-4.6710973,4
1409,1.7605817,-5.0367174,2.4373648,8
1410,1.6191126,-5.6914973,0.7499567,8
1411,17.207699,0.30640334,-6.9902616,4
1412,-8.298129,9.1272135,-1.9056926,9
1413,5.27157,12.481719,-2.3064249,0
1414,-0.4514521,-7.315402,1.5285114,8
1415,-0.7438623,15.931038,-0.078030616,0
1416,4.766957,2.8628817,-2.6052253,1
1417,-1.262719,-5.295066,17.056938,2
1418,-10.068642,-2.125491,-0.70547014,3
1419,14.809533,-5.8955956,-5.894397,4
1420,-5.889303,4.784595,-10.127998,5
1421,6.8719997,9.366486,8.752964,6
1422,-0.59947467,-8.875849,-9.459889,7
1423,-2.7242618,0.71180326,-0.086803176,8
1424,-11.097785,7.228196,-0.100380644,9
1425,2.043862,16.240154,-0.05326532,0
1426,5.108921,2.8402739,-3.4309647,1
1427,-0.47384515,-5.0577297,17.877834,2
1428,-11.431576,-1.6577102,-0.5643458,3
1429,16.406754,-3.6581905,-5.017108,4
1430,-5.625277,4.246403,-8.458175,5
1431,6.9916945,9.775365,8.69139,6
1432,0.034932014,-8.521051,-9.683505,7
1433,-2.951132,0.8879039,0.26722643,8
1434,-11.526204,7.20834,-2.2842588,9
1435,-0.7102348,13.654112,-0.20819446,0
1436,5.7813764,1.6320132,-2.59778,1
1437,-1.7750049,-5.41909,17.53304,2
1438,-10.103793,-3.1491492,-0.85440314,3
1439,15.4217205,-4.401483,-5.676307,4
1440,-6.023021,3.3614233,-6.3244176,5
1441,8.204751,9.545934,9.282231,6
1442,-0.7712265,-8.82714,-9.564645,7
1443,-3.4311957,0.78395283,0.36125445,8
1444,-11.333346,6.8555317,0.33133334,9
1445,1.6317096,15.751794,0.8767496,0
1446,-10.692109,6.1561213,-0.7697908,9
1447,-5.590488,4.25216,-8.518392,5
1448,-5.448965,4.141552,-8.602148,5
1449,7.387972,7.733711,7.4530616,6
1450,-5.579834,4.452813,-8.509811,5
1451,1.6740485,15.67523,0.29881385,0
1452,-10.895708,7.11379,-1.9740484,9
1453,-1.4182698,-0.10981536,0.22405194,8
1454,-12.261646,6.889616,-1.1052122,9
1455,-1.9382168,-0.12007828,-0.68753684,8
1456,14.455334,-2.0151503,-5.4566965,4
1457,5.8825984,1.8778211,-4.279212,1
1458,-1.0138121,-9.752925,-8.486022,7
1459,-1.6665674,-9.023672,-8.343541,7
1460,-10.089784,-4.486634,1.9550035,3
1461,-7.204613,3.5382874,-9.389775,5
1462,5.8223186,2.1975663,-4.502136,1
1463,1.0352043,15.571747,-0.46433446,0
1464,1.0186107,15.553983,-0.18010679,0
1465,-3.6350212,-4.8012815,18.086277,2
1466,-1.7455566,-4.878535,17.11115,2
1467,0.5772358,-8.571198,-10.402005,7
1468,0.13483872,2.2114666,-1.8378695,8
1469,-2.2530077,-4.5400996,18.096891,2
1470,2.1383748,18.317043,0.6858211,0
1471,5.0773444,3.004499,-3.81602,1
1472,-1.8609966,-4.3002086,18.241043,2
1473,7.1332607,10.428535,9.378806,6
1474,-11.47028,-2.163463,-1.130219,3
1475,-10.919554,-2.9249537,2.0604389,3
1476,-0.11705048,-9.581642,-9.500969,7
1477,-11.865226,-1.8758341,-0.4246073,3
1478,-12.091241,-3.910766,1.1831093,3
1479,16.309336,-4.0917344,-4.8824615,4
1480,8.025985,8.395217,9.412995,6
1481,10.043788,7.6411276,10.79278,6
1482,6.5915127,7.5451326,9.96912,6
1483,15.3282175,-3.4578538,-5.5219235,4
1484,-11.967246,6.5453496,0.71195006,9
1485,5.0715203,2.961953,-3.852606,1
1486,-5.143435,4.5124364,-7.8125935,5
1487,2.4686575,18.009075,-0.6608573,0
1488,-12.143654,7.160562,-0.26176754,9
1489,-2.7066753,4.523644,-9.145279,5
1490,-1.9667253,-5.036879,17.674442,2
1491,-1.7759492,1.2473943,-1.2741345,8
1492,-2.3171704,-4.633069,18.085316,2
1493,2.4173417,18.246105,0.49521643,0
1494,0.63163894,15.637527,-0.5585242,0
1495,5.1636205,2.9833746,-4.3220296,1
1496,-0.35103238,-9.589728,-7.888051,7
1497,6.7307167,9.348392,8.409869,6
1498,-10.903185,-3.029202,0.5758247,3
1499,0.6260557,-6.408217,17.893555,2
1500,4.667864,3.081296,-2.735702,1
1501,-0.99884504,-10.48556,-8.783713,7
1502,15.950477,-3.0260348,-5.2192817,4
1503,6.208739,9.460545,9.052281,6
1504,-11.330955,-5.0645685,-0.38122508,3
1505,5.8165436,1.6110992,-2.6452491,1
1506,-9.97457,-4.3141694,2.3219354,3
1507,-10.727659,7.113746,-1.8646449,9
1508,5.525767,2.5225527,-4.046226,1
1509,-0.8506106,-9.529006,-8.44419,7
1510,5.9940085,8.589401,9.441181,6
1511,-1.4173164,1.1738992,-1.2248609,8
1512,15.47532,-4.5836387,-5.785436,4
1513,-10.864176,-3.4344034,2.7299972,3
1514,5.66569,2.4634461,-4.5402756,1
1515,15.515707,-4.2413335,-5.7229786,4
1516,1.4727417,15.889833,0.92179286,0
1517,-7.2855034,3.5392423,-9.451945,5
1518,-10.482811,-3.5404973,0.34471348,3
1519,6.057771,8.693839,9.346818,6
1520,-11.884602,6.866237,0.508803,9
1521,4.867831,7.7547913,11.19079,6
1522,4.7969704,3.0872507,-3.6032193,1
1523,-1.1732203,-8.226018,-9.163639,7
1524,-8.220673,3.839612,-7.7635303,5
1525,15.784922,-3.3795512,-5.2812767,4
1526,14.21083,-5.649136,-7.206509,4
1527,0.1472625,-8.959404,-9.615933,7
1528,-3.1888406,-5.388621,17.772589,2
1529,-0.5509019,1.3476988,-1.2935085,8
1530,-5.2218423,-6.7368813,13.691427,2
1531,-1.9130135,-4.283786,18.280207,2
1532,-4.7995534,4.938192,-9.044333,5
1533,-0.8202832,-8.527548,-9.338165,7
1534,-9.72608,6.5116944,-0.6281005,9
1535,-4.6701903,4.194289,-10.584537,5
1536,16.01785,-3.7921147,-5.0894074,4
1537,-0.28103673,1.153785,-0.49731803,8
1538,-0.3379613,0.8643019,-0.13480237,8
1539,14.897627,-2.4719071,-4.89246,4
1540,-10.83169,7.3339443,-3.3989446,9
1541,0.6978632,16.238201,-1.6858585,0
1542,-0.33003443,1.1154325,-1.3426359,8
1543,-10.750318,7.330529,-2.924725,9
1544,-0.45398855,0.84754163,0.0934622,8
1545,4.332872,13.726981,-2.0956895,0
1546,9.282605,-5.463262,3.3188918,1
1547,-3.0924888,-5.0666866,14.200801,2
1548,-9.607303,-7.5465612,2.9275894,3
1549,13.481591,-3.292968,-8.23664,4
1550,1.2145054,3.675534,-15.5285425,5
1551,0.95190895,6.7663393,12.086612,6
1552,-0.49765155,-13.487557,-2.0595977,7
1553,7.138797,-0.6952239,2.5646682,8
1554,4.7157407,-0.3115701,-6.3344827,9
1555,4.63469,13.085202,-1.404932,0
1556,7.8466725,-2.154019,5.0838795,1
1557,-9.075652,-4.8968015,14.490858,2
1558,-12.822572,-8.9015465,0.4407824,3
1559,14.007165,-2.7818182,-9.078067,4
1560,1.3722076,4.497945,-15.375679,5
1561,1.4756521,5.9825783,10.335107,6
1562,2.6820872,-0.21086179,-6.684985,9
1563,4.523841,15.038478,-3.0872853,0
1564,7.570859,-1.9541444,4.979857,1
1565,-6.633987,-3.6556478,16.511127,2
1566,-9.166455,-7.8417935,1.0354718,3
1567,14.138814,-4.836528,-8.556541,4
1568,-1.6065264,3.8076124,-14.698986,5
1569,3.237764,3.0521777,10.737734,6
1570,-0.38312918,-13.524189,-2.631265,7
1571,1.910659,-8.626496,0.25936893,8
1572,2.6904676,-0.23541404,-6.732717,9
1573,6.5218177,12.061751,-2.527247,0
1574,2.8582132,-0.27349603,-6.6160483,9
1575,-1.7401148,2.820659,-16.518726,5
1576,2.6217165,1.873548,-16.191023,5
1577,2.3714046,6.508768,9.869032,6
1578,1.1758686,4.145298,-15.762456,5
1579,2.0709407,12.89925,-0.5565358,0
1580,1.8444668,-4.040358,-6.003666,9
1581,1.2140145,-4.155036,-0.7839992,8
1582,-1.8067447,2.73284,-16.670341,9
1583,-0.3748226,-3.0155792,5.808424,8
1584,15.430681,-2.956469,-8.201787,4
1585,9.584284,-6.7924013,4.7134013,1
1586,-1.0721542,-13.689506,-5.4358506,7
1587,-0.6484581,-16.256813,-3.988488,7
1588,-6.0697045,-9.60856,-0.05635634,3
1589,3.2630095,2.7519724,-15.9877405,5
1590,9.299941,-4.6534624,4.1837068,1
1591,6.2582517,12.50908,-1.6985769,0
1592,-0.55512476,17.359674,-3.4690964,0
1593,-9.57414,-4.919634,13.495042,2
1594,-4.1163177,-6.3176756,15.837637,2
1595,-0.90058374,-16.59689,-3.4025588,7
1596,0.46005794,-5.850579,1.303315,8
1597,-9.248499,-4.714475,13.57973,2
1598,5.0279455,12.917299,-0.28651196,0
1599,8.188959,-2.2015069,5.3085327,1
1600,-0.36039433,-8.311627,13.108048,2
1601,1.4496917,6.776907,11.125079,6
1602,-6.1231136,-9.398864,-0.032984722,3
1603,-5.547711,-9.83994,-0.34755567,3
1604,-0.91286933,-16.13404,-4.197741,7
1605,-6.865955,-10.772968,-0.32503667,3
1606,-6.264743,-9.082869,0.22472517,3
1607,13.656899,-4.93146,-8.467929,4
1608,3.1574557,4.8217063,10.601838,6
1609,2.674827,4.278022,10.7889595,6
1610,1.9957403,6.8551702,10.98532,6
1611,-0.51138157,-10.779761,-1.595345,4
1612,3.3016832,-1.6467352,-6.71619,9
1613,8.811464,-4.813143,5.2687593,1
1614,1.0218505,3.2115743,-15.52777,5
1615,6.267977,12.744313,-1.4663389,0
1616,-12.507196,4.3853188,0.53653836,9
1617,-1.0775923,4.372256,-11.326126,5
1618,-9.084171,-4.853477,14.350798,2
1619,-0.209279,-3.9814072,6.0821943,8
1620,0.24151023,18.368864,-0.001808303,0
1621,9.453725,-5.003902,4.5032334,1
1622,-0.1512132,-15.396838,-5.0209107,7
1623,1.465878,6.9036136,11.155959,6
1624,-8.982123,-8.494824,1.8050063,3
1625,-0.5712381,-7.939748,16.536419,2
1626,10.208296,-6.099362,4.558433,1
1627,-2.1086206,-16.191397,-5.0681415,7
1628,-0.49738294,-10.775408,-1.6111561,4
1629,2.0769587,4.979036,10.908738,6
1630,-10.05172,-7.7579775,3.0429375,3
1631,9.752593,-6.638716,4.885176,1
1632,-8.024071,-8.223324,2.4286945,3
1633,1.2250941,-4.7504654,-6.0695243,9
1634,8.801468,-5.8518233,4.5735464,1
1635,-0.0107804835,-16.107224,-3.9175763,7
1636,3.7539287,7.3710017,13.184569,6
1637,0.093583904,-2.9473236,5.6439734,8
1638,16.022171,-2.739887,-8.163797,4
1639,-9.431422,-7.4352145,2.4241772,3
1640,9.316124,-6.8902974,4.523626,1
1641,13.666443,-3.2545404,-7.8204827,4
1642,5.273524,13.650369,-2.4455428,0
1643,-1.6255516,4.0960093,-15.701233,5
1644,-10.172596,-7.549095,2.7231395,3
1645,2.4370558,3.8873034,10.886374,6
1646,-13.462921,4.470732,-0.7606572,9
1647,3.2953544,4.1203346,8.926582,6
1648,9.530598,-6.945784,4.666026,1
1649,1.1759048,-14.1884775,-7.908341,7
1650,-0.009694032,1.1624008,-14.613782,5
1651,13.677414,-3.0094244,-8.348644,4
1652,13.970265,-5.5288634,-7.9711447,4
1653,-0.48266175,-15.814578,-6.387892,7
1654,-0.07875529,-5.0213127,15.527422,2
1655,-7.278942,-5.9863,12.859793,2
1656,1.0838723,4.8445063,-15.313468,5
1657,-0.40889952,-16.747473,-4.7883344,7
1658,-8.12154,-7.2049317,2.8587108,9
1659,-1.6144503,4.21391,-15.545599,5
1660,-0.5191586,-10.74286,-1.5741537,4
1661,14.882787,-2.7729084,-8.647047,4
1662,-1.6615384,2.722303,-16.737783,9
1663,-0.69354635,13.952276,-2.8864427,0
1664,0.77644277,-5.010342,5.6621466,8
1665,1.5065101,-4.511939,-6.0287404,9
1666,0.56798184,-4.7994585,6.0738354,8
1667,2.2296429,16.487995,-0.67831117,0
1668,4.4739037,-2.9467201,6.258169,1
1669,-3.1775982,-5.527044,16.283363,2
1670,-9.185415,-4.6664267,-2.6817856,3
1671,13.040748,3.0047016,-5.5234447,4
1672,-5.463198,6.4621983,-10.594576,5
1673,7.3090534,4.1244006,9.869791,6
1674,1.9573526,-13.7037735,-6.03649,7
1675,-2.509597,-6.127222,4.3978324,8
1676,-10.029443,5.7864895,1.3415676,9
1677,3.1532764,15.773667,-0.34103006,0
1678,4.662029,-3.447887,3.61655,1
1679,0.056302324,-8.475047,12.731694,2
1680,-7.5212574,-8.857933,-0.7657673,3
1681,15.9465065,-0.6902985,-7.7848797,4
1682,-4.671726,6.6742973,-10.782782,5
1683,5.7100825,8.235888,7.8729415,6
1684,1.902477,-12.368448,-9.3258705,7
1685,-2.6494374,-6.467214,1.7241952,8
1686,-9.034529,5.649078,-1.5593837,9
1687,4.424925,17.689215,-1.630946,0
1688,5.8096404,-3.144773,6.313687,1
1689,-2.6038537,-6.7685275,11.391408,2
1690,-8.182523,-5.9037275,-3.0594766,3
1691,15.35734,-0.18258226,-7.4851913,4
1692,-4.800975,7.156172,-11.335773,5
1693,7.6016407,4.996448,9.237244,6
1694,1.9417171,-13.59948,-6.060557,7
1695,-2.7011716,-5.3861856,4.253124,8
1696,-11.870892,4.866369,0.15808001,9
1697,0.41527945,15.509957,-2.5868983,0
1698,-10.579283,5.202395,-1.7425829,9
1699,-4.1905065,5.986038,-10.906416,5
1700,-5.257194,5.05509,-12.373329,5
1701,7.8032928,5.6187277,9.277517,6
1702,-4.3346596,3.8488238,-13.31884,5
1703,4.04356,13.522702,-3.4135838,0
1704,-11.644223,6.3613844,-2.8934717,9
1705,-3.2807922,-3.194011,3.695292,8
1706,-10.621449,6.418408,-2.3074298,9
1707,-2.5872576,-6.849097,0.7621566,8
1708,15.84883,-0.31649312,-8.804453,4
1709,4.234974,-3.369383,6.0214896,1
1710,-1.6945931,-9.93594,-11.150993,7
1711,2.7392,-11.117985,-9.586469,7
1712,-6.31193,-9.456503,-1.3866267,3
1713,-4.8598037,6.8693433,-10.862219,5
1714,5.4142413,-4.255609,4.008049,1
1715,3.0093346,17.318327,-2.7613494,0
1716,0.06154072,14.641415,-2.6055276,0
1717,0.6008618,-6.3367567,17.934515,2
1718,-1.5645581,-5.582338,17.393234,2
1719,-0.4977044,-14.704738,-7.4445825,7
1720,-1.3345346,-6.354178,-0.44266132,8
1721,0.47934306,-6.4047914,17.780598,2
1722,4.471219,16.572226,-4.0267916,0
1723,5.7270527,-3.9566207,6.3693757,1
1724,-0.32364637,-4.5914564,18.013506,2
1725,5.254773,7.8133917,7.8707123,6
1726,-7.88541,-8.990493,-1.0808071,3
1727,-7.769723,-9.174565,-1.468019,3
1728,-1.9007522,-13.90928,-9.535624,7
1729,-9.354706,-4.615363,-3.2030544,3
1730,-7.39365,-9.158552,-1.0854313,3
1731,13.6502695,0.49279475,-8.115403,4
1732,6.489871,2.7886195,9.750886,6
1733,7.887829,5.8262706,9.438033,6
1734,9.42213,5.1080995,11.484311,6
1735,13.394958,2.5372622,-5.998375,4
1736,-8.967399,5.1038146,-0.14653288,9
1737,4.2628736,-4.8723993,3.6893108,1
1738,-6.6443505,5.587087,-12.026019,5
1739,2.878322,17.16921,-2.6999,0
1740,-10.324813,4.9816723,-1.0949105,9
1741,-4.96407,7.227615,-11.40857,5
1742,-2.3618808,-6.1909404,10.951258,2
1743,-2.351875,-4.79313,4.052758,8
1744,-2.089241,-7.775451,12.137025,2
1745,2.0134368,16.86316,-3.4418187,0
1746,4.2231417,17.64663,-1.6509913,0
1747,3.454212,-4.1672654,4.776958,1
1748,-1.5278732,-16.325424,-6.7939487,7
1749,6.4603167,3.5520039,9.922679,6
1750,-8.360744,-8.803838,-0.57716894,3
1751,-2.5775187,-6.812812,11.414839,2
1752,5.0494366,-7.3594084,4.761254,1
1753,-1.8481351,-15.697368,-7.837848,7
1754,14.026617,2.4430234,-6.0404263,4
1755,5.2892933,4.0130153,11.496139,6
1756,-10.034198,-7.765802,0.67085135,3
1757,4.7155952,-5.737444,3.6003273,1
1758,-11.29143,-5.180743,-1.9386,3
1759,-8.860571,5.011974,-0.5058444,9
1760,5.3671207,-3.5008392,5.582196,1
1761,0.26095346,-12.125658,-7.2779193,7
1762,7.0310597,4.479203,10.588873,6
1763,1.1779776,-3.592632,3.602116,8
1764,16.464277,1.0031878,-6.3573365,4
1765,-8.213152,-5.853794,-3.0662472,3
1766,3.7251093,-4.257791,4.752296,1
1767,12.705112,0.73542005,-5.766954,4
1768,5.088614,13.210714,0.05694838,0
1769,-6.1544433,5.769515,-10.265236,5
1770,-10.016487,-5.820633,-0.0582697,3
1771,4.2239485,3.3072507,10.612957,6
1772,-8.3602085,5.141086,-0.9867874,9
1773,6.5797095,8.062771,8.918597,6
1774,3.7588916,-4.5863667,4.777926,1
1775,-0.22830509,-13.646148,-3.7944078,7
1776,-4.544256,6.4360523,-9.901244,5
1777,13.1172495,1.8932512,-5.5958257,4
1778,15.961462,2.1663766,-5.9907365,4
1779,2.0034075,-11.132527,-7.0905356,7
1780,-3.5643716,-4.6953673,18.135254,2
1781,-3.5184486,-4.527886,4.447389,8
1782,-2.4325821,-4.208955,17.108467,2
1783,-0.96431094,-3.9127858,17.574957,2
1784,-4.4177713,6.9590397,-11.610664,5
1785,-0.9530083,-15.814594,-6.584149,7
1786,-11.800625,4.6349916,-2.7248652,9
1787,-6.5638585,6.2890396,-10.771764,5
1788,15.220344,1.6957614,-6.101623,4
1789,2.1785598,-7.129094,3.8607213,8
1790,3.9536211,-6.965116,4.0458426,8
1791,15.040599,-0.38682505,-5.965139,4
1792,-9.886221,5.397408,-1.8702337,9
1793,4.3541574,14.218672,-4.36751,0
1794,0.8695982,-3.5012903,3.6564877,8
1795,-7.3606567,3.4819107,-1.0806274,9
1796,-3.4303746,-3.5731392,3.9369423,8
